index,rank,added_at,title,artist,isrc,velocity,cm_id,time_on_chart,release_dates,before_tiktok_date,cm_artist_id
400,90,2020-11-08,Chica Ideal,Sebasti√°n Yatra & Guaynaa,USUM72017740,4.71428571428571,31663656.0,97,2020-10-16,2020-11-01,13516
401,92,2020-11-08,Nem Guindaste,JottaPe,BXKZM2000655,4.71428571428571,31496821.0,109,2020-09-29,2020-11-01,735110
402,95,2020-11-08,At My Worst,pinksweatsmusic,USAT22003823,6.71428571428571,30211836.0,103,2020-07-17,2020-11-01,1118137
403,96,2020-11-08,G√∂zler √úzerimde,Yaren Alaca,TRBUL2000030,5.14285714285714,31740100.0,35,2020-10-21,2020-11-01,3999836
404,97,2020-11-08,Whoopty,Real CJ,USA2P2031043,,31140457.0,87,2020-08-20,2020-11-01,826529
405,99,2020-11-08,Aesthetic,Xilo,QZFZ22071847,5.28571428571429,28796568.0,223,2020-02-14,2020-11-01,3377623
406,101,2020-11-08,Sweet & Sour,Jawsh 685,USSM12005132,5.28571428571429,31226592.0,98,2020-09-04,2020-11-01,3654834
407,46,2020-11-15,Bodak Yellow,Cardi B,USAT21701762,,15093590.0,9,2017-11-17,2020-11-08,200408
408,50,2020-11-15,Astronomia,Chiky Dee Jay,ART0G1808448,66.0,29088764.0,160,2020-04-12,2020-11-08,719519
409,75,2020-11-15,Out the Frame,Marv Allen,QZK6F2001433,56.428571428571395,31846333.0,60,2020-09-24,2020-11-08,1459574
410,86,2020-11-15,Blue Bird (Naruto Shippuden) [feat. Animelmack],Berioska,QZFZ62022436,51.28571428571429,29659569.0,110,2020-03-28,2020-11-08,1374584
411,89,2020-11-15,Elastic,Joey Purp,QZEGJ1800004,95.8571428571429,20533213.0,90,2018-09-13,2020-11-08,110260
412,91,2020-11-15,North Memphis,Pharmacist,QZHNC1902102,10.5714285714286,28170775.0,167,2019-08-07,2020-11-08,3526811
413,94,2020-11-15,Spongebob,Dante9k,QZFYZ2047242,7.428571428571429,32023663.0,199,2020-01-28,2020-11-08,3825842
414,95,2020-11-15,Hislerim,Serhat Durmus,TCADT1883474,2.42857142857143,20393105.0,134,2018-08-10,2020-11-08,420610
415,99,2020-11-15,Lofi,Domknowz,QZFZ42089472,2.57142857142857,28931601.0,180,2020-02-28,2020-11-08,3582396
416,100,2020-11-15,Took Her To The O,King Von,USUYG1296663,2.85714285714286,28552271.0,114,2020-02-21,2020-11-08,1136101
417,1,2020-11-22,Adderall (Corvette Corvette),Popp Hunna,USA2P2036916,,31753663.0,72,2020-10-15,2020-11-15,3436485
418,3,2020-11-22,It's Tricky,RUN DMC,USAR18600005,21.857142857142897,15051716.0,244,2010-04-30,2020-11-15,206566
419,4,2020-11-22,Therefore I Am,BILLIE EILISH,USUM72021500,,31948804.0,46,2020-11-12,2020-11-15,5596
420,6,2020-11-22,Shower,Becky G,USRC11400866,,15676244.0,69,2014-10-17,2020-11-15,4236
421,13,2020-11-22,pov,arianagrande,USUM72020441,,31826434.0,32,2020-10-30,2020-11-15,3963
422,22,2020-11-22,–¢–ª–µ–µ—Ç,Bula,SMRUS0065742,,31819219.0,25,2020-10-20,2020-11-15,4016753
423,23,2020-11-22,WATAFUK?!,Morgenshtern & Lil Pump,FR26V2030732,,31948292.0,57,2020-11-13,2020-11-15,1003897
424,24,2020-11-22,D√ÅKITI,Jhaycortez,QZGWX2053010,,31974516.0,64,2020-11-07,2020-11-15,726832
425,30,2020-11-22,El Aguacate Es Potasio - TikTok Version,Hey Santana,QZMEP2041048,,31783549.0,31,2020-10-22,2020-11-15,914227
426,33,2020-11-22,sonido original,Karol G,USUM72019324,,31751726.0,69,2020-10-23,2020-11-15,206809
427,34,2020-11-22,Joro,WizKid,USRC11901068,,24414472.0,67,2019-07-10,2020-11-15,4390
428,35,2020-11-22,Fuck It Up,Ocho Drippin,USUYG1207314,,20494883.0,41,2018-08-31,2020-11-15,1204551
429,36,2020-11-22,–Ø–≥–æ–¥–∞ –ú–∞–ª–∏–Ω–∫–∞,–•–ê–ë–ò–ë–ö–ê,RUA1D2064344,,32001549.0,72,2020-11-17,2020-11-15,1032415
430,37,2020-11-22,CONVOQUEI TODAS PIR4NHA,DJ VITINHO BDP & DJ Arthur ZL & MC Mn & MC RD,US3DF2085678,,31729205.0,67,2020-09-06,2020-11-15,4003190
431,38,2020-11-22,Call 911,Trunks & Cjota,QZ5AB1979905,,20211270.0,31,2018-05-21,2020-11-15,1043949
432,49,2020-11-22,Wrap Me In Plastic (Slowed Down Version),CHROMANCE & Marcus Layton,DEE862000406,,28858320.0,7,2020-03-27,2020-11-15,761477
433,73,2020-11-22,Line Without a Hook,Ricky Montgomery,USA2P1624696,,14803912.0,71,2016-04-08,2020-11-15,41976
434,75,2020-11-22,BICHOTA,Karol G,USUM72019324,,31751726.0,74,2020-10-23,2020-11-15,206809
435,79,2020-11-22,Fever,Dua Lipa,GBAHT2000834,,31822547.0,72,2020-10-29,2020-11-15,5381
436,88,2020-11-22,Mamacita,Yanix,FRX872007945,,31526741.0,32,2020-10-02,2020-11-15,588868
437,91,2020-11-22,One Love,Now United,QZBQM2000024,,31888712.0,72,2020-11-06,2020-11-15,1085344
438,94,2020-11-22,Jingle Bell Rock,Bobby Helms,USMC15746480,5.14285714285714,15529965.0,71,2015-10-28,2020-11-15,203875
439,95,2020-11-22,Hold On,Extreme Music,GBBPP1509812,,12593114.0,71,2015-06-19,2020-11-15,474449
440,98,2020-11-22,THICK (feat. Megan Thee Stallion) (Remix),DJ Chose & Megan Thee Stallion,CA5KR2105823,,31823084.0,51,2020-10-30,2020-11-15,139491
441,100,2020-11-22,Silence,Silent,TCABF1246524,1.28571428571429,20057797.0,181,,2020-11-15,184128
442,101,2020-11-22,Melody (1983 Club Vinyl Mix),Plustwo,USCGH1941348,,22698569.0,72,2019-02-20,2020-11-15,1432273
443,24,2020-11-29,Teach Me How To Dougie,Classics Reborn,USQY51330295,33.4285714285714,15647122.0,68,2013-02-08,2020-11-22,273773
444,58,2020-11-29,Opaul,Freddie Dredd,USDY41838659,,19239692.0,20,2018-04-26,2020-11-22,689472
445,62,2020-11-29,the remedy for a broken heart (why am I so in love),XXXTENTACION,USUG11800488,,18766734.0,197,2018-03-16,2020-11-22,74419
446,68,2020-11-29,A Thousand Years,christina perri,USAT21102141,,15085781.0,204,2016-11-18,2020-11-22,3684
447,83,2020-11-29,Obviously,AyhTee,QZHNA1971359,4.85714285714286,27622738.0,28,2019-12-01,2020-11-22,3442208
448,88,2020-11-29,Just the Two of Us,"Grover Washington, Jr.",USEE19901162,3.5714285714285694,15275075.0,119,2010-12-08,2020-11-22,11492
449,95,2020-11-29,Elevator Music,Bohoman,GBSMU7379010,3.71428571428571,29115051.0,163,2019-11-14,2020-11-22,4064537
450,18,2020-12-06,Drugs (feat. Two Feet),UPSAHL,USQX91803133,13.714285714285701,22290224.0,60,2019-01-18,2020-11-29,521020
451,62,2020-12-06,Money (amended),Cardi B,USAT21811495,7.28571428571429,21851577.0,86,2018-10-23,2020-11-29,200408
452,70,2020-12-06,Honey Pack,Bfb Da Packman,QMBZ92064644,63.428571428571395,31761980.0,53,2020-10-23,2020-11-29,1628920
453,71,2020-12-06,Bitch Go Die,SPEED GANG,TCADR1833177,4.85714285714286,20317501.0,71,2018-06-06,2020-11-29,783341
454,75,2020-12-06,Problemas,Paris Boy,QZK6F2044892,4.0,31656950.0,91,2020-10-11,2020-11-29,3714079
455,78,2020-12-06,It's Beginning to Look a Lot like Christmas,Michael Bubl√©,USRE11100700,7.28571428571429,15691786.0,72,2012-10-16,2020-11-29,1607
456,83,2020-12-06,We Wish You a Merry Christmas,Merry Christmas,USA370529811,10.4285714285714,14825305.0,63,1979-10-01,2020-11-29,280
457,85,2020-12-06,Fake,The Tech Thieves,QZ8GX1700268,3.5714285714285694,20319626.0,209,2018-08-03,2020-11-29,12525
458,91,2020-12-06,Naruto,Slikkante,QZK6N2069670,2.57142857142857,32294238.0,94,2020-08-17,2020-11-29,4070258
459,92,2020-12-06,Reloj,Rauw Alejandro & Anuel AA,USSD12000471,7.857142857142861,31750071.0,88,2020-10-22,2020-11-29,224838
460,93,2020-12-06,–õ–∞–ª–∏–ø–∞–ø,–ì–ê–ù–í–ï–°–¢,FR26V2064602,8.85714285714286,32083650.0,68,2020-11-26,2020-11-29,1020724
461,9,2020-12-13,HOLIDAY,lil nas x,USSM12006375,,31951346.0,37,2020-11-13,2020-12-06,1366172
462,10,2020-12-13,Body,Megan Thee Stallion,QMCE32000683,,32021398.0,44,2020-11-20,2020-12-06,788785
463,11,2020-12-13,Hecha Pa' Mi,Boza,USSD12000196,,30539377.0,42,2020-07-31,2020-12-06,155051
464,13,2020-12-13,Talk N Bout (Talm Bout) [feat. Lil Jay],Loui,USLD91723597,,28260938.0,39,2020-01-03,2020-12-06,3443703
465,22,2020-12-13,BEB√â,Camilo,USSD12000562,,32076413.0,53,2020-11-25,2020-12-06,1355995
466,23,2020-12-13,Trappea - Remix,Locura Mix,ART0G2002051,,31502587.0,49,2020-08-31,2020-12-06,1567362
467,25,2020-12-13,Melek,Reynmen,DGA052044950,,32182498.0,50,2020-12-06,2020-12-06,751128
468,27,2020-12-13,‡∏Å‡πâ‡∏°‡∏ï‡πà‡∏≥,Mindset,THMOB2010165,,32007638.0,53,2020-11-17,2020-12-06,86345
469,29,2020-12-13,WITHOUT YOU,The Kid LAROI,USSM12006586,,31894832.0,53,2020-11-06,2020-12-06,1333786
470,31,2020-12-13,How Bizarre,OMC,NZPY09500002,,13711345.0,45,2006-01-01,2020-12-06,207455
471,32,2020-12-13,–ú–∞–π–Ω–∫—Ä–∞—Ñ—Ç,FixPlay,QMFME2055950,,32160512.0,34,2020-11-25,2020-12-06,3832267
472,33,2020-12-13,Space Girl,Frances Forever,QZFZ72019335,,29194827.0,50,2020-03-27,2020-12-06,1543744
473,42,2020-12-13,All I Want for Christmas is YOU,plottwist,USSM11408817,,15794742.0,39,2016-10-14,2020-12-06,4378
474,43,2020-12-13,The Lazy Song,Bruno Mars,USAT21001886,,15084978.0,208,2011-10-18,2020-12-06,3501
475,59,2020-12-13,They Call Me Tiago (Her Name Is Margo),Tiagz,QZFZ52038008,,28667532.0,37,2020-02-27,2020-12-06,877492
476,70,2020-12-13,The Months of the Year,The Kiboomers,USA560941888,,14974561.0,14,2009-05-01,2020-12-06,121523
477,78,2020-12-13,Omg,White Gangster,ITH641602850,,13290226.0,91,2017-04-03,2020-12-06,135705
478,82,2020-12-13,Painho Empurra (feat. Raphaela Almeida),MC Abalo,QZEQU2051815,,31766779.0,16,2020-07-24,2020-12-06,1358203
479,83,2020-12-13,Opp Stoppa,ybnnahmir,USAT22007608,,32077635.0,26,2020-11-25,2020-12-06,741745
480,84,2020-12-13,–ü—è—Ç–Ω–æ,Rozalia,FR26V2014734,,31890757.0,42,2020-11-06,2020-12-06,1325655
481,85,2020-12-13,"Nathy Peluso: Bzrp Music Sessions, Vol. 36",bzrp,UYB282001011,,32088210.0,35,2020-11-27,2020-12-06,648982
482,86,2020-12-13,Memories (feat. Kid Cudi),David Guetta,FRZID0900480,,12334116.0,53,2010-06-25,2020-12-06,1006
483,87,2020-12-13,Jerusalema (feat. Nomcebo Zikode) [Edit],Master KG,ZA82Y1900130,,27551491.0,124,2019-11-29,2020-12-06,1114808
484,94,2020-12-13,Life Goes On,BTS,QMBZ92051791,,32019786.0,53,2020-11-20,2020-12-06,206557
485,95,2020-12-13,we should be lovers instead,favsoundds ,GBX2M1300001,,13113316.0,54,2013-06-14,2020-12-06,480980
486,97,2020-12-13,Kopi  Dangdut,Jebung & Asyraf Jamall,GBSMU8864500,,32441397.0,35,2020-10-13,2020-12-06,4161053
487,100,2020-12-13,Love Not War (The Tampa Beat),Jason Derulo & Nuka,GBARL2001440,,32012337.0,53,2020-11-20,2020-12-06,3502
488,7,2020-12-20,Cute Jehi Look,Umair Awan,TCAFF2004558,,32102392.0,45,2020-11-07,2020-12-13,4099328
489,8,2020-12-20,Figurinha - Ao Vivo,Douglas e Vin√≠cius,BRWNV2000076,,29766682.0,39,2020-06-12,2020-12-13,719829
490,12,2020-12-20,OOOWWWEEE,Peewee Longway & Money Man,USUYG1275615,,25409725.0,42,2019-09-27,2020-12-13,66267
491,27,2020-12-20,MERRY LiTMAS,Mahogany *LOX* üîí,QZNWT2016130,14.142857142857098,32127675.0,34,2020-11-20,2020-12-13,127418
492,33,2020-12-20,‡∏ä‡πà‡∏ß‡∏¢‡πÑ‡∏°‡πà‡πÑ‡∏î‡πâ,UrboyTJ,FRS182046230,,31865098.0,45,2020-11-03,2020-12-13,101570
493,34,2020-12-20,pota pota by HERA,hera,FRZ041800793,,20438195.0,45,2018-08-24,2020-12-13,480386
494,37,2020-12-20,Cry Baby (feat. DaBaby),Megan Thee Stallion,QMCE32000678,10.857142857142902,32021354.0,47,2020-11-20,2020-12-13,788785
495,43,2020-12-20,Copines,We.Wibu,FRZ041800793,,20438195.0,43,2018-08-24,2020-12-13,480386
496,61,2020-12-20,Look At Me!,XXXTENTACION,USUYG1131080,39.5714285714286,15969949.0,204,2017-02-20,2020-12-13,74419
497,62,2020-12-20,Jocelyn Flores,XXXTENTACION,USUYG1156892,,15972110.0,198,2017-08-25,2020-12-13,74419
498,75,2020-12-20,FRIENDS,marshmello,GBAHS1800025,,18403814.0,13,2018-02-09,2020-12-13,3907
499,76,2020-12-20,We own the night,Pup Enenra,USWD11995700,,28478183.0,12,2020-02-14,2020-12-13,3558553
500,88,2020-12-20,One Whole Day (feat. Wiz Khalifa),Dixie D'Amelio,ZZOPM2003863,3.28571428571429,32149747.0,50,2020-12-04,2020-12-13,3747209
501,90,2020-12-20,Plastic,Unghetto Mathieu,USSM12003492,122.42857142857099,29594536.0,96,2020-05-29,2020-12-13,521606
502,93,2020-12-20,Glow Up,IZŒõ,USQX91800798,4.85714285714286,19169039.0,33,2018-05-03,2020-12-13,1702
503,94,2020-12-20,Presentinho - Ao Vivo,nandesguga,BRUM71904467,45.28571428571429,31083349.0,95,2020-08-21,2020-12-13,3598075
504,98,2020-12-20,Havana,Camilla Cabello,USSM11706905,,15799746.0,163,2017-08-03,2020-12-13,454302
505,6,2020-12-27,Jedag Jedug,Dony     ??,FRZ041800793,,20438195.0,40,2018-08-24,2020-12-20,480386
506,19,2020-12-27,Ampun Bang Jago,Tian Storm & Ever Slkr,IDA632000700,,31809521.0,38,2020-09-12,2020-12-20,4015440
507,21,2020-12-27,Snowman,Sia,USAT21704212,16.0,17652389.0,90,2018-11-01,2020-12-20,1702
508,33,2020-12-27,Pennies From Heaven,Louis Prima,USCA29501047,13.857142857142902,15176560.0,42,2003-01-01,2020-12-20,211135
509,38,2020-12-27,Me Too,Kevin Gates,USAT21811065,9.714285714285712,20586757.0,57,2018-09-20,2020-12-20,3342
510,39,2020-12-27,Apaga la Luz (feat. Ovy On The Drums),Kimberly Loaiza ‚ú®,CA5KR2120229,,32328406.0,38,2020-12-18,2020-12-20,1622926
511,41,2020-12-27,Golpe Trocado,Mc Frog,QZNJX2035483,18.8571428571429,32294178.0,42,2020-11-27,2020-12-20,1022868
512,44,2020-12-27,Pipipi Calon Mantu (Remix),DJ Opus,FRX872053520,15.857142857142902,31742974.0,42,2020-09-22,2020-12-20,1374602
513,45,2020-12-27,Champions (in Brawl Stars),Brawl Bro,DEE862002506,18.5714285714286,31601921.0,42,2020-10-09,2020-12-20,3646808
514,82,2020-12-27,"You're a Mean One, Mr. Grinch","Tyler, The Creator",USQ4E1804014,,21853154.0,22,2018-10-24,2020-12-20,2498
515,85,2020-12-27,–ê–£–§ (Trend),Mia Boyka ,DGA052043291,35.1428571428571,32204440.0,45,2020-12-07,2020-12-20,1560031
516,90,2020-12-27,"Backpack, Backpack!",Dora The Explorer,USA820400149,2.57142857142857,15021293.0,44,2004-09-28,2020-12-20,313758
517,95,2020-12-27,Blood // Water,grandson,TCADI1720999,10.0,17459643.0,140,2017-10-27,2020-12-20,215304
518,97,2020-12-27,Fernando Alonso,El Jhota & camin,QMFME2030363,1.0,32086254.0,45,2020-11-27,2020-12-20,40991
519,98,2020-12-27,Oh My God,Edy Lemond & DJ Guuga & DJ Lucas Beat,USL4R2023377,15.142857142857098,31755857.0,42,2014-02-04,2020-12-20,446458
520,17,2021-01-03,LSD,Tisakorean,QM24S1922802,14.857142857142902,25238830.0,39,2019-07-31,2020-12-27,1111162
521,28,2021-01-03,Happy New Year,ABBA,SEAYD8001060,92.1428571428571,14038436.0,50,2015-12-11,2020-12-27,227
522,31,2021-01-03,Goodbye ,EuGeneüî•,USSM11914456,180.57142857142898,27539678.0,34,2018-08-31,2020-12-27,902878
523,35,2021-01-03,Happiest Year,jaymesyng,USAT21903715,73.8571428571429,24416223.0,79,2019-07-12,2020-12-27,4660
524,38,2021-01-03,Bad boy,Marwa Loud,FR7IX1800130,23.285714285714302,18723926.0,42,2018-03-09,2020-12-27,387692
525,71,2021-01-03,Promises (Skrillex & Nero Remix), Skrillex / Nero,GBUM71105544,,13068256.0,201,2012-12-24,2020-12-27,3371
526,87,2021-01-03,Cabar√©,N√™go Jh√°¬©,QZMZ92059272,10.4285714285714,31488707.0,42,2020-09-07,2020-12-27,3964419
527,89,2021-01-03,F2020,Avenue Beat,USLXJ2044040,,30060994.0,76,2020-07-10,2020-12-27,1679781
528,90,2021-01-03,Home,Edith Whiskers,GBVHN2000009,9.14285714285714,31674758.0,53,2020-10-16,2020-12-27,3992910
529,91,2021-01-03,Time of Our Lives,Pitbull,USRC11402647,149.0,15676785.0,44,2014-11-21,2020-12-27,1896
530,94,2021-01-03,Judas,Lady Gaga,USUM71104998,20.2857142857143,15920030.0,49,2011-01-01,2020-12-27,3188
531,96,2021-01-03,Kamaal Karte Ho,Afsana Khan,DGA052003899,8.85714285714286,32172553.0,38,2020-12-03,2020-12-27,1096425
532,3,2021-01-10,Do Dat (Tik Tok Resume),Semme,QZHNA2090657,17.428571428571402,31931701.0,38,2020-07-08,2021-01-03,3296976
533,5,2021-01-10,COPINES,Nicole Flores,FRZ041800793,,20438195.0,25,2018-08-24,2021-01-03,480386
534,11,2021-01-10,Buss It,Erica Banks,USUYG1312999,76.0,29555553.0,32,2020-05-15,2021-01-03,1443482
535,12,2021-01-10,Cristal & –ú–û–Å–¢,Morgenshtern,DGA062038289,,32427262.0,23,2020-12-28,2021-01-03,1003897
536,15,2021-01-10,Mds,Kaw√™ Santos,QZHZ32082915,,29519133.0,24,2020-05-19,2021-01-03,1088461
537,16,2021-01-10,–≠–π—è,–ö–∞–Ω–≥–∏,QMFME2084797,,32319870.0,23,2020-12-18,2021-01-03,3587784
538,25,2021-01-10,COPINES SLOWED FULL VERSION,R O S E,FRZ041800793,,20438195.0,24,2018-08-24,2021-01-03,480386
539,28,2021-01-10,Mtg - Vem sentando vem,Dj nbeat,QZNWR2089783,,32120916.0,14,2020-11-09,2021-01-03,4102460
540,32,2021-01-10,Paparazzi,Kim Dracula,QZNWY2036332,15.4285714285714,32313666.0,39,2020-12-11,2021-01-03,3972008
541,33,2021-01-10,Click Clack Bum,Kant & NOG & Spinardi,QZNJW2002860,,31825480.0,23,2020-10-30,2021-01-03,835566
542,38,2021-01-10,TIID TIIW,Milli & Maiyarap & LAZYLOXY & AUTTA & Ben Bizzy & NAMEMT & Blacksheep,DGA052078640,10.1428571428571,32225239.0,39,2020-12-10,2021-01-03,3571802
543,43,2021-01-10,Machayenge,Raja bankerüëë,QZ85M2038055,,28873983.0,67,2020-03-19,2021-01-03,1136544
544,64,2021-01-10,Biarlah  Semua Berlalu,willyanggawinata,FR10S2148007,,32663429.0,20,2020-11-27,2021-01-03,1034592
545,65,2021-01-10,Gal Karke,Inderchahal,FR2X41934873,,22841919.0,47,2019-04-15,2021-01-03,167487
546,78,2021-01-10,Way Back Home,SHAUN,KRF221800012,,20105880.0,16,2018-06-27,2021-01-03,812869
547,92,2021-01-10,Una Loca en el Tubo,Dj Alitas,QZNJX2024859,,32496555.0,13,2020-11-24,2021-01-03,4171159
548,93,2021-01-10,I'm Legit,Nicki Minaj,USCM51200745,23.0,15193950.0,35,2012-11-19,2021-01-03,3442
549,17,2021-01-17,Bamboleo,Gipsy Kings,USN018884501,,15566572.0,18,2017-03-15,2021-01-10,394
550,31,2021-01-17,Xerecard,Jeff Costa & Mc Danny,QZEQU2076765,17.0,32120896.0,23,2020-10-18,2021-01-10,3383295
551,32,2021-01-17,–í–µ–Ω–µ—Ä–∞-–Æ–ø–∏—Ç–µ—Ä,–í–∞–Ω—è –î–º–∏—Ç—Ä–∏–µ–Ω–∫–æ,RUACR2000286,25.285714285714302,32465113.0,23,2021-01-01,2021-01-10,3993867
552,34,2021-01-17,L-Gante Rkt,Papu DJ & L-Gante,USLZJ2043719,9.714285714285712,31604648.0,38,2020-10-06,2021-01-10,741543
553,37,2021-01-17,Mhm Mhm,Cdot Honcho,QZMHM2098517,40.8571428571429,31626196.0,23,2020-10-09,2021-01-10,661520
554,43,2021-01-17,Can We Kiss Forever?,kinabeats,QMPKX1823521,,20497349.0,109,2018-08-31,2021-01-10,902878
555,52,2021-01-17,Nature's Beauty,Romero Lubambo,US4A70600575,,21680992.0,7,2006-01-01,2021-01-10,187376
556,73,2021-01-17,Faded,Alan Walker,NOG841549010,,13681243.0,304,2015-12-04,2021-01-10,5451
557,80,2021-01-17,Scooby Doo Pa Pa,IAmKass,TCADG1759991,6.0,16503674.0,34,2017-09-12,2021-01-10,485457
558,83,2021-01-17,Vazge√ßtim ƒ∞nan,iremderici,TR0012000441,128.285714285714,32450849.0,19,2021-01-01,2021-01-10,469850
559,84,2021-01-17,Funk da Netflix,Netflix Brasil,QZ8BZ1900519,25.857142857142897,24886077.0,77,2019-08-16,2021-01-10,163514
560,85,2021-01-17,oops!,Yung Gravy üçØ,USUM72019052,3.14285714285714,31524146.0,45,2020-10-02,2021-01-10,271148
561,89,2021-01-17,Kya Yehi Pyar Hai - Remix,Jay Sean,GBTYR0800041,3.5714285714285694,27434924.0,56,2008-05-01,2021-01-10,2073
562,94,2021-01-17,Nega Chegando,O Boy da Seresta & Menor Nico,QZEQU2077564,2.0,32161212.0,23,2020-11-01,2021-01-10,4076375
563,96,2021-01-17,Strawberry,Prod by Rose,QZHN51967090,17.1428571428571,32113112.0,53,2019-09-20,2021-01-10,1112133
564,98,2021-01-17,Astronaut In The Ocean,Masked Wolf,AUFXV1900105,3.85714285714286,23902934.0,72,2019-06-07,2021-01-10,794053
565,11,2021-01-24,drivers license,Olivia Rodrigo,USUG12004749,,32507149.0,11,2021-01-08,2021-01-17,260477
566,18,2021-01-24,Ropa Cara,Camilo,USSD12000609,,32594947.0,9,2021-01-18,2021-01-17,1355995
567,21,2021-01-24,Best Ever,Polo Frost,QM33K1600047,18.7142857142857,13770151.0,16,2016-11-18,2021-01-17,215565
568,31,2021-01-24,Rumors,Jake Miller,USWB11507655,,16028999.0,7,2015-07-08,2021-01-17,4521
569,35,2021-01-24,‡∏â‡∏±‡∏ô‡∏≠‡πâ‡∏ß‡∏ô,TimeTime,FR26V2026648,9.428571428571429,32001188.0,53,2020-11-09,2021-01-17,4106514
570,36,2021-01-24,"Rasputin (7"" Version)",Boney M.,DEC730800009,24.285714285714302,11461430.0,44,2008-05-12,2021-01-17,735
571,70,2021-01-24,original sound,üòáLarryüòá,ART0G2004825,,32528776.0,8,2021-01-08,2021-01-17,1453446
572,95,2021-01-24,I Am (feat. Flo Milli),Yung Baby Tate,QZ5FA2050544,2.42857142857143,32149829.0,23,2020-12-04,2021-01-17,749151
573,96,2021-01-24,Mungkin Hari Ini Esok Atau Nanti,Anneth,FRX872024128,1.57142857142857,31733715.0,53,2020-10-20,2021-01-17,912391
574,97,2021-01-24,≈ûeytan diyor ki (Slow Version),Cansever,USCGJ2085352,5.571428571428571,28937236.0,21,2020-03-17,2021-01-17,317562
