index,rank,added_at,title,artist,isrc,velocity,cm_id,time_on_chart,release_dates,before_tiktok_date
1,2,2020-06-07,Let's Do It Again,J Boog,USUYG1009171,3.42857142857143,15953367.0,65,2011-09-27,2020-05-31
8,9,2020-06-07,Do It Again,..,USUM71505606,9.42857142857143,15934429.0,44,2015-05-04,2020-05-31
12,13,2020-06-07,AhiChallenge,RODü•¥,QM4TW2087087,10.4285714285714,28459077.0,74,2020-02-09,2020-05-31
13,14,2020-06-07,Party Girl,StaySolidRocky,USSM12002247,9.14285714285714,29155495.0,32,2020-04-21,2020-05-31
14,15,2020-06-07,Juanfran - Como Llora,Edits üå∏‚ô•Ô∏è,QM4TW2044943,12.5714285714286,28409031.0,99,2020-02-07,2020-05-31
17,18,2020-06-07,Bella ciao - HUGEL Remix Extended,HUGEL ,FR22F1800090,16.4285714285714,19053694.0,144,2018-04-13,2020-05-31
19,20,2020-06-07,Falling,Trevor Daniel,USUYG1221109,20.1428571428571,20659476.0,106,2018-10-05,2020-05-31
20,21,2020-06-07,Classical Music,Classical Music,TCAAU1178628,21.0,20877140.0,262,2011-02-03,2020-05-31
22,23,2020-06-07,Back to the beat,Rizkyam_NEW,TCAEQ2022365,17.8571428571429,28457577.0,76,2020-01-28,2020-05-31
23,24,2020-06-07,Lagu Untuk Kamu,Pura-pura baek_,MYPJ11900006,17.1428571428571,27345474.0,51,2019-11-15,2020-05-31
24,25,2020-06-07,I need you love,Sara.JY,GBARL1201390,42.2857142857143,12490847.0,101,2012-01-01,2020-05-31
27,28,2020-06-07,Buttercup - MixAndMash,mich,QZFZ71995894,18.4285714285714,26007072.0,80,2019-08-22,2020-05-31
28,29,2020-06-07,Say So,Doja Cat,USRC11903454,15.2857142857143,26951096.0,117,2019-11-07,2020-05-31
31,32,2020-06-07,Ku Tak Bisa - Adista,Z I D A N,FR6V82156483,15.4285714285714,12215313.0,58,2013-11-04,2020-05-31
36,37,2020-06-07,–î–∏–∫–∞—è –ª—å–≤–∏—Ü–∞,ALEX&RUS,QM6N21999015,35.5714285714286,24333981.0,115,2019-07-03,2020-05-31
37,38,2020-06-07,goosebumps,Travis Scott,USSM11607555,27.1428571428571,15798674.0,330,2016-09-16,2020-05-31
38,39,2020-06-07,She Share Story (for Vlog),Â§ï‰æù,QZHN52089091,28.2857142857143,29745716.0,218,2020-06-02,2020-05-31
39,40,2020-06-07,Interior Crocodile Alligator,Chip Tha Ripper,USUYG1311273,33.4285714285714,29282251.0,75,2020-04-29,2020-05-31
40,41,2020-06-07,Her Yer Karanlƒ±k,G√ºnay Aksoy,TR0392000001,30.4285714285714,28254882.0,261,2020-01-21,2020-05-31
41,42,2020-06-07,AY AY AY,Q Park,QZK6P1947623,23.0,28268818.0,80,2020-01-22,2020-05-31
44,45,2020-06-07,"Vaathi Coming (From ""Master"")",Anirudh Ravichander & Gana Balachandar,INS172000675,28.2857142857143,28718493.0,102,2020-03-10,2020-05-31
45,46,2020-06-07,Yummy,Justin Bieber,USUM71923046,34.1428571428571,28077991.0,92,2020-01-03,2020-05-31
47,48,2020-06-07,Coincidance,Handsome Dancer,TCADA1732009,27.7142857142857,14413756.0,128,2017-04-11,2020-05-31
52,53,2020-06-07,Someone You Loved,Lewis Capaldi,DEUM71807062,43.2857142857143,21918634.0,116,2018-11-08,2020-05-31
56,57,2020-06-07,changes,XXXTENTACION,USUG11800211,42.2857142857143,18614782.0,65,2018-03-02,2020-05-31
57,58,2020-06-07,Harry Potter Theme Song,Ost,AUXN21809909,36.2857142857143,20671417.0,348,2018-10-03,2020-05-31
58,59,2020-06-07,Bapu Tere Karke,Amar Sandhu,FR10S1929787,42.1428571428571,22380999.0,193,2019-02-03,2020-05-31
59,60,2020-06-07,‡∏û‡∏±‡∏Å‡∏Å‡πà‡∏≠‡∏ô,Milli,FR10S2014617,32.0,28467140.0,61,2020-02-13,2020-05-31
60,61,2020-06-07,In A Club,illusionizemusic,DEE861903105,36.0,24924198.0,86,2019-08-16,2020-05-31
63,64,2020-06-07,Forever Young,blackpinkofficial,KRA401800097,43.0,19970432.0,140,2018-06-15,2020-05-31
65,66,2020-06-07,SICKO MODE,Travis Scott,USSM11806660,36.2857142857143,20318958.0,58,2018-08-03,2020-05-31
66,67,2020-06-07,Satisfya,Imran Khan,GBB291300001,17.8571428571429,12543738.0,132,2013-05-09,2020-05-31
67,68,2020-06-07,Fine by Mal Blum,Bob Ross,USTCF1041783,123.428571428571,15874832.0,75,2010-06-20,2020-05-31
69,70,2020-06-07,I Need Your Love,Calvin Harris,GBARL1201390,79.7142857142857,12490847.0,150,2012-01-01,2020-05-31
70,71,2020-06-07,Hey! What?,IamBannd,USSM17300653,47.1428571428571,15808354.0,121,2009-01-16,2020-05-31
71,72,2020-06-07,The Hamster Dance Song,Hampster Dance Masters,USA561067274,42.8571428571429,14994595.0,264,2008-10-27,2020-05-31
72,73,2020-06-07,Devil Eyes,Hippie Sabotage,US7SR1600006,44.5714285714286,14697900.0,305,2016-02-05,2020-05-31
74,75,2020-06-07,Oh Nanana,Bonde R300,US7VG1770309,45.4285714285714,14710643.0,100,2017-03-22,2020-05-31
75,76,2020-06-07,My Oh My,Camila Cabello,USSM11914257,41.5714285714286,27597895.0,88,2019-12-06,2020-05-31
76,77,2020-06-07,You Are The Reason,Calum Scott ,USUM71710315,48.4285714285714,17697472.0,188,2018-03-23,2020-05-31
77,78,2020-06-07,summertime,cinnamons,TCJPF1793843,,16421907.0,89,2017-08-07,2020-05-31
78,79,2020-06-07,Savage,Megan Thee Stallion,QMCE32000097,53.5714285714286,28677612.0,30,2020-03-06,2020-05-31
79,80,2020-06-07,My Truck,Breland,USAT22000001,51.7142857142857,28214718.0,194,2020-01-11,2020-05-31
81,82,2020-06-07,Vaadi Vaadi Naattu Katta,VIDYASAGAR & Shankar Mahadevan & Sujatha,INS2Y1700266,41.0,18315168.0,86,2001-08-05,2020-05-31
82,83,2020-06-07,Don't Start Now,Dua Lipa,GBAHT1901121,50.1428571428571,26822879.0,86,2019-10-31,2020-05-31
84,85,2020-06-07,Best Friend 6,Davinder Bhatti,INM5C2000005,83.5714285714286,30040686.0,77,2020-02-07,2020-05-31
87,88,2020-06-07,The Avengers Theme,Movie Sounds Unlimited,QMVRR1335194,56.2857142857143,21792508.0,178,2013-07-30,2020-05-31
89,90,2020-06-07,"Chura Ke Dil Mera - From ""Main Khiladi Tu Anari""",Kumar Sanu & Alka Yagnik,INV119400353,52.8571428571429,13226378.0,85,2007-10-18,2020-05-31
90,91,2020-06-07,bad guy,Billie Eilish,USUM71900764,54.8571428571429,22669299.0,71,2019-03-29,2020-05-31
91,92,2020-06-07,Pink Panther Intro,Henry Mancini,US3M50672322,97.2857142857143,14592036.0,298,2006-01-01,2020-05-31
94,95,2020-06-07,Domani Ci Passa (acoustic version),Ludwigofficial ,TCAED1991223,70.2857142857143,22787198.0,39,2019-04-05,2020-05-31
96,97,2020-06-07,Eyes. Lips. Face. (e.l.f.),iLL Wayno & Holla FyeSixWun,USK6V1900001,66.7142857142857,25773465.0,65,2019-10-08,2020-05-31
97,98,2020-06-07,Herencia de Patrones - Ladeando (feat. Fuerza Regida),Elwillycuh,USDXS1806171,66.7142857142857,22175048.0,137,2018-12-24,2020-05-31
98,99,2020-06-07,Hello,OMFG,TCACC1430912,85.4285714285714,14312132.0,298,2014-12-03,2020-05-31
99,100,2020-06-07,I love u every single day,MacKenzie ,TCAEF1947413,74.4285714285714,23083905.0,177,2012-04-13,2020-05-31
100,1,2020-06-14,Kolors,Monte Booker & Smino,QM24S1650080,,13755632.0,80,2016-06-29,2020-06-07
101,2,2020-06-14,Spaz,Mr. 2-17 & DRIPPY PRODUCTIONS,TCAER2004882,,29622255.0,41,2020-02-14,2020-06-07
103,4,2020-06-14,OUT WEST,JACKBOYS & Travis Scott,USSM11914988,,28009698.0,3,2019-12-27,2020-06-07
105,6,2020-06-14,–î–≤–∏–≥–∞—Ç—å—Å—è,Raim,TCADY1899483,,22073277.0,43,2018-11-30,2020-06-07
107,8,2020-06-14,Hustle & Flow,zaehd,TCAEO1968407,,29169270.0,9,2019-12-25,2020-06-07
108,9,2020-06-14,4K,El Alfa & Darell & Noriel,USCGJ2004694,,28727372.0,88,2020-03-12,2020-06-07
115,16,2020-06-14,The Bottle Beat,Ricky Desktop,QZES92025420,,29602162.0,79,2020-05-12,2020-06-07
118,19,2020-06-14,Bitch From Da Souf,BigLatto,QZ5FA1950034,,22338260.0,55,2019-01-14,2020-06-07
119,20,2020-06-14,Watermelon Sugar,HSHQ,USSM11912587,,27222889.0,97,2019-11-17,2020-06-07
130,31,2020-06-14,Hasi - Male Version,Ami Mishra,INS171500727,,13221883.0,1,2015-05-21,2020-06-07
133,34,2020-06-14,Tik Tok –ß–µ–ª–ª–µ–Ω–¥–∂,SLAVA MARLOW,FR10S2021486,,28856390.0,120,2020-02-13,2020-06-07
135,36,2020-06-14,I Like It,Cardi B,USAT21801431,21.5714285714286,18944956.0,60,2018-06-22,2020-06-07
138,39,2020-06-14,Figure It Out,Blu DeTiger,QM4TX2046702,,29097727.0,95,2020-04-17,2020-06-07
139,40,2020-06-14,Juju on That Beat (TZ Anthem) [Challenge Version],Zay Hilfigerrr & Zayion McCall,US3DF1827653,,20566439.0,3,2018-09-12,2020-06-07
141,42,2020-06-14,Cream n Frosting by Sabby Sousa,Hannah Balanay,QMCE32000216,,29548597.0,32,2019-12-20,2020-06-07
146,47,2020-06-14,Welcome to the Party,Diplo,USQX91800862,,19235082.0,40,2018-05-15,2020-06-07
149,50,2020-06-14,Young Shahrukh,Tesher,QZFZ42057591,,29042964.0,51,2020-02-20,2020-06-07
151,52,2020-06-14,No Idea,Don Toliver,USAT21903300,,23658940.0,65,2019-05-29,2020-06-07
153,54,2020-06-14,"Genius (ft. Sia, Diplo, Labrinth)",#LSD,USQX91800836,,19170012.0,8,2018-05-03,2020-06-07
154,55,2020-06-14,Wake Up,Lil toe,TCADD1749501,,17467369.0,5,2017-05-25,2020-06-07
155,56,2020-06-14,Skateboard P,madeintyo,QM4HH1710001,45.7142857142857,13784078.0,27,2017-02-15,2020-06-07
162,63,2020-06-14,Aku Suka Body Mama Muda,Elfrids Dji,TCAES2068132,,28875010.0,5,2020-03-25,2020-06-07
165,66,2020-06-14,Roscoes,zaehd,TCAEO1968342,,28025223.0,18,2019-12-25,2020-06-07
168,69,2020-06-14,Make Me (Cry) - Marshmello Remix,noah cyrus ,QM33K1600051,,13770153.0,3,2017-02-17,2020-06-07
169,70,2020-06-14,Me Too part 1,Meghan Trainor,USSM11601177,,15797817.0,3,2017-05-12,2020-06-07
171,72,2020-06-14,–ö—Ç–æ —Ç–µ–±–µ —Å–∫–∞–∑–∞–ª?,Rakhim,FR2X42060955,,29204818.0,24,2020-04-24,2020-06-07
174,75,2020-06-14,Slow Motion,Vishal & Shekhar featuring Nakash Aziz and Shreya Ghoshal.,INS171200645,,13221219.0,1,2012-08-31,2020-06-07
179,80,2020-06-14,Monster,dodie,QM6N21808969,,22030823.0,18,2019-01-18,2020-06-07
182,83,2020-06-14,Bole Chudiyan,Jatin-Lalit & Amit Kumar & Sonu Nigam & Alka Yagnik & Udit Narayan & Kavita Krishnamurthy,INS170100023,,13220077.0,104,2013-01-01,2020-06-07
183,84,2020-06-14,The Box,Roddy Ricch,USAT21906978,10.0,27599255.0,83,2019-12-06,2020-06-07
186,87,2020-06-14,The Cuppycake Song,Buddy Castle,USHM90574138,4.42857142857143,16491146.0,282,1995-01-01,2020-06-07
191,92,2020-06-14,Duji Vaar Pyar,Sunanda Sharma ,INM231900396,5.42857142857143,27704487.0,126,,2020-06-07
193,94,2020-06-14,Neva Cared,xsenpaiimoon,QMGR31995805,,23974873.0,7,2018-03-11,2020-06-07
194,95,2020-06-14,Negro,J Balvin,USUM72001734,,28793051.0,19,2020-03-19,2020-06-07
196,97,2020-06-14,Baby One More Time,Cory Nation  ,SE5VF1905556,,23765472.0,44,2019-05-28,2020-06-07
200,1,2020-06-21,Banana (feat. Shaggy) [DJ FLe - Minisiren Remix],Conkarah ,QMRSZ1901446,,24879479.0,138,2019-08-16,2020-06-14
201,2,2020-06-21,Co√±o (feat. Jhorrmountain x Adje),Puri,NLZ541800787,,20146009.0,190,2018-07-06,2020-06-14
203,4,2020-06-21,Laxed - Siren Beat,Jawsh 685,NZAM02001128,,29203381.0,121,2020-04-24,2020-06-14
204,5,2020-06-21,Dream Girl,Ir Sais ,TCADG1788520,,16928605.0,126,2017-09-27,2020-06-14
206,7,2020-06-21,HAHA,lil darkie,QM42K1976980,,26235905.0,70,2019-10-12,2020-06-14
209,10,2020-06-21,ROCKSTAR,Dababy,USUM72007941,,29099003.0,113,2020-04-17,2020-06-14
210,11,2020-06-21,What If (I Told You I Like You),johnny orlando,CAGFE1800001,,19251938.0,190,2018-06-15,2020-06-14
211,12,2020-06-21,The Boat Beat,Ricky Desktop,QZES92025420,,29602162.0,84,2020-05-12,2020-06-14
212,13,2020-06-21,Pitbull - Hotel Room Service,I love you,USJAY0900063,,15441064.0,123,2009-10-23,2020-06-14
214,15,2020-06-21,Relaci√≥n,SechMusic,QM9WM2000013,,28884520.0,98,2020-04-02,2020-06-14
218,19,2020-06-21,GOOBA,6ix9ine ,QZA742002191,,29355561.0,40,2020-05-08,2020-06-14
219,20,2020-06-21,Cars That Go Boom,L'Trimm,USGZ20821288,,15375878.0,33,2015-11-20,2020-06-14
220,21,2020-06-21,Woah,Krypto9095,QZDA41998629,,22809467.0,217,2019-03-29,2020-06-14
221,22,2020-06-21,Yo Perreo Sola,Bad Bunny,QM4TX2030934,,28621794.0,45,2020-02-28,2020-06-14
223,24,2020-06-21,Cyber Sex - Doja Cat,Tyler Warwick,USRC11902809,,26950258.0,44,2019-11-07,2020-06-14
224,25,2020-06-21,Savage Love (Laxed - Siren Beat),Jason Derulo,USSM12003798,,29751924.0,162,2020-06-11,2020-06-14
225,26,2020-06-21,Then Leave,BeatKing,QZDA42016561,,28861336.0,22,2020-03-27,2020-06-14
227,28,2020-06-21,X.O,andro,FR59R2079011,,29497157.0,67,2020-05-15,2020-06-14
229,30,2020-06-21,Vai Ter Que Aguentar,MC Don Juan,BXG6R2000446,,29345235.0,78,2020-05-08,2020-06-14
233,34,2020-06-21,The Sharkboy Beat,Ricky Desktop,QZES92025420,,29602162.0,49,2020-05-12,2020-06-14
235,36,2020-06-21,Toosie Slide,Drake,USUG12001281,,28904803.0,101,2020-04-03,2020-06-14
236,37,2020-06-21,ily (i love you baby),Surf Mesa,QZJRC1945204,,27755710.0,230,2019-11-26,2020-06-14
238,39,2020-06-21,Lethal Jatti 1,lethal jattiüî•,FRX281965265,,28448854.0,83,2020-02-06,2020-06-14
239,40,2020-06-21,2002 (Remix),Jayrous Morales,QZ22B1944940,,19411575.0,132,2018-05-11,2020-06-14
245,47,2020-06-21,Play Date,Melanie Martinez,USAT21502465,,15090401.0,95,2015-08-14,2020-06-14
247,49,2020-06-21,Lose Control,Meduza,DEUM71905792,,25866511.0,115,2019-10-11,2020-06-14
248,50,2020-06-21,I'm Just a Kid,Simple Plan,USAT20111234,,15073090.0,134,2018-04-06,2020-06-14
249,51,2020-06-21,#WIPEITDOWN,BMW KENNY,QZL382006538,,29345768.0,84,2020-04-27,2020-06-14
252,54,2020-06-21,Dil Todya,Satbir Aujla,ING501802176,,29513906.0,21,2020-05-18,2020-06-14
254,56,2020-06-21,Coffee for Your Head,Vinyll,QZFYZ2047397,,28696807.0,194,2020-01-28,2020-06-14
256,58,2020-06-21,La Jeepeta,Nio Garcia & Brray & JuanKa,QM6MZ2057011,,29185655.0,86,2020-04-24,2020-06-14
258,60,2020-06-21,How Bad Can I Be?,Ed Helms,USUM71201166,,15922422.0,52,2012-02-27,2020-06-14
260,62,2020-06-21,Jannat 1,B Praak,INM432000042,,28450250.0,19,2020-02-10,2020-06-14
264,66,2020-06-21,Snake,Lil Keed,QMCE31902281,,24046736.0,73,2019-06-14,2020-06-14
266,68,2020-06-21,Dura,Daddy Yankee,US2BU1700200,,18203905.0,88,2018-04-27,2020-06-14
268,70,2020-06-21,Supalonely (feat. Gus Dapperton),gus dapperton,USUM71922597,,27219667.0,62,2019-11-15,2020-06-14
269,71,2020-06-21,Peter Cottontail,Gene Autry,USSM10414373,,15776689.0,40,1931-01-01,2020-06-14
270,72,2020-06-21,Crystal Dolphin (KyleYouMadeThat Remix),Engelwood & KyleYouMadeThat,TCADK1700752,,17918694.0,37,2017-12-06,2020-06-14
271,73,2020-06-21,–¢—ã –º–æ–π –∫–∞–π—Ñ,–•–ê–ù–ó–ê&OWEEK,RUA1D2002705,,28330804.0,90,2020-01-29,2020-06-14
272,74,2020-06-21,Run free,Deep Chills,NLYK91700007,,13646389.0,180,2017-08-18,2020-06-14
273,75,2020-06-21,BORED IN THE HOUSE,curtistoofunny,QZ85M2035656,,28844676.0,61,2020-03-23,2020-06-14
274,76,2020-06-21,Lullabies,Yuna,US4HB1200001,,14624824.0,144,2012-04-24,2020-06-14
275,77,2020-06-21,Plain Jane (Remix),ASAP Ferg,USRC11701803,,15679261.0,7,2017-08-18,2020-06-14
276,78,2020-06-21,Hips Dont Lie by Shakira,goalsounds ,USSM10600677,,15778873.0,82,2015-06-19,2020-06-14
278,80,2020-06-21,Rihanna Umbrella Remix Version,@P√∏larzinh√∏,USUM70739031,,15906325.0,87,2007-03-29,2020-06-14
281,83,2020-06-21,Kasih Slow,Nonna 3In1,FRX201906161,,26846801.0,110,2019-11-01,2020-06-14
282,84,2020-06-21,Myself,Bazzi,USAT21801524,,19040153.0,190,2018-04-12,2020-06-14
286,88,2020-06-21,Kesha - Take It Off,Âè∂Â≠êüçÉüíó,USRC10900736,,15674027.0,132,2010-10-08,2020-06-14
287,89,2020-06-21,Kuch Bhi Ho Jaye,B Praak,INSD11900311,,28987846.0,44,2020-04-09,2020-06-14
288,90,2020-06-21,My Type,SAWEETIE üñ§,USWB11900833,,22674262.0,87,2019-03-29,2020-06-14
290,92,2020-06-21,Sohnea (feat. Millind Gaba),themisspooja ,INM431700105,,13219088.0,35,2017-04-06,2020-06-14
291,93,2020-06-21,Pyar Da Saboot,Mankirt Aulakh,INS922000164,,29272805.0,30,2020-05-01,2020-06-14
295,97,2020-06-21,Rula Ke Gaya Ishq,Stebin Ben,INZ031406502,,27644154.0,6,2019-11-21,2020-06-14
296,98,2020-06-21,Ice Me Out,kashdoll,USUM71812404,,20439298.0,29,2018-08-24,2020-06-14
297,99,2020-06-21,Leyla,Mesto,NLZ541900169,,22473158.0,41,2019-02-22,2020-06-14
299,101,2020-06-21,Dance Monkey,‡∏ß‡∏¥‡∏î‡∏µ‡πÇ‡∏≠‡∏à‡∏µ‡∏ô,QZES71982312,,22955238.0,90,2019-05-10,2020-06-14
307,8,2020-06-28,Hood Baby,Kbfr,QZDA62007962,22.8571428571429,29275689.0,66,2020-04-03,2020-06-21
318,19,2020-06-28,Go Go Go Who's Next?,Hip Hop Harry,QZHN52064514,,29701276.0,60,2020-06-04,2020-06-21
319,20,2020-06-28,Suling Sakti Spongebob (New),üÑ∞üÑªüÑ±üÖÅüÑ¥üÖÜ ü¶ä,TCAEQ2062800,,28479234.0,68,2020-02-07,2020-06-21
320,21,2020-06-28,–ü—Å–∏—Ö—É—à–∫–∞,üéÄ–ö–ê–†–ù–ê–í–ê–õüéÄ,QM6N22097753,,29827208.0,47,2020-06-17,2020-06-21
321,22,2020-06-28,Ajj Kal Ajj Kal,Nimrat Khaira & Bunty Bains,FR96X2065611,,29753458.0,54,2020-06-11,2020-06-21
327,28,2020-06-28,Khayaal Rakhya Kar,Preetinder,FR96X2074194,,29811550.0,85,2020-06-11,2020-06-21
328,29,2020-06-28,Marry Me (feat. Toya Wright),Rasheeda,TCABH1210414,,14239911.0,43,2012-06-18,2020-06-21
329,30,2020-06-28,You,Jazmin Sisters,USUYG1038081,,15956522.0,49,2013-11-11,2020-06-21
335,36,2020-06-28,Pump,VALENTINO KHAN,USZ4V1700087,11.0,16090524.0,274,2017-05-26,2020-06-21
340,41,2020-06-28,Make Some TikTok,TikTok,ITV951900027,15.7142857142857,24008840.0,236,2019-05-22,2020-06-21
343,44,2020-06-28,PHOTO,Karansehmbi,INS181900313,13.7142857142857,22421825.0,72,2019-02-12,2020-06-21
345,46,2020-06-28,Surrender,Natalie Taylor,TCACJ1544888,14.0,14341447.0,223,2015-10-29,2020-06-21
352,53,2020-06-28,–ü–æ–±–æ–ª–µ–ª–æ –∏ –ø—Ä–æ—à–ª–æ,HENSY,SMRUS0063989,19.0,29583312.0,63,2020-05-26,2020-06-21
353,54,2020-06-28,Geek'd (feat. Lil Baby),bhadbhabie,USAT21811092,,20581443.0,36,2018-09-18,2020-06-21
354,55,2020-06-28,–ß–Å–†–ù–´–ô –ë–£–ú–ï–†,SERYOGA,FRX201753135,,18240876.0,54,,2020-06-21
357,58,2020-06-28,Singapur,El Alfa & Chael Produciendo,USDY42003198,19.1428571428571,29440404.0,74,2020-05-15,2020-06-21
361,62,2020-06-28,Mr. Blue Sky,Electric Light Orchestra,USSM17200399,13.0,15807835.0,98,2011-12-16,2020-06-21
363,64,2020-06-28,Stunnin' (feat. Harm Franklin),Curtis Waters üá≥üáµ,QZES82074435,16.5714285714286,29465238.0,77,2020-05-19,2020-06-21
373,74,2020-06-28,Elefante,NK,FR96X1964559,8.42857142857143,26630224.0,14,2019-10-25,2020-06-21
375,76,2020-06-28,Someone you loved Remix,apeng,AUXN22034506,4.57142857142857,28805829.0,46,2020-03-13,2020-06-21
376,77,2020-06-28,Baby Shark,Pinkfong,KRE671700001,6.14285714285714,13405412.0,178,2017-07-27,2020-06-21
380,81,2020-06-28,In The End - Mellen Gi Remix,Tommee Profitt,TCADO1871408,,18965480.0,149,2018-04-06,2020-06-21
383,84,2020-06-28,One Call Away,Charlie Puth,USAT21502703,,15090520.0,133,2016-03-18,2020-06-21
388,89,2020-06-28,Bass Da Da Da,Shou,QZFZ72019858,10.7142857142857,28795552.0,90,2020-03-13,2020-06-21
391,92,2020-06-28,Happy Birthday,Vitamin A,US3DF1612162,2.14285714285714,29101133.0,131,2016-04-20,2020-06-21
392,93,2020-06-28,Pooranviram,Akki Aryan,INT502001067,3.57142857142857,28777361.0,94,2020-02-03,2020-06-21
394,95,2020-06-28,Pretty Girl (Cheat Codes X Cade Remix),Cheat Codes,QMCE31701175,,13842155.0,110,2017-03-02,2020-06-21
395,96,2020-06-28,Boys,Charli XCX,GBAHS1700564,,12450159.0,137,2017-07-26,2020-06-21
413,14,2020-07-05,Be Happy,dixie ü§ç,US3DF2007996,,29915506.0,58,2020-06-26,2020-06-28
416,17,2020-07-05,How You Like That,blackpinkofficial,KRA402000111,,29924495.0,168,2020-06-26,2020-06-28
420,21,2020-07-05,TKN,La Rosalia,USSM12001261,24.4285714285714,29592223.0,89,2020-05-28,2020-06-28
443,44,2020-07-05,Yana Yana,Veysel Mutlu,FR2X42038412,,29104160.0,71,2020-04-17,2020-06-28
444,45,2020-07-05,Rags2Riches (feat. ATR Son Son),Rod Wave,USLD91725576,15.2857142857143,28915328.0,85,2020-04-03,2020-06-28
446,47,2020-07-05,Frikitona,DJ Ofreck,QZGLM2052477,15.5714285714286,29169736.0,81,2019-05-17,2020-06-28
447,48,2020-07-05,The Name Game,Lana Banana,UKDNQ1527065,,17782149.0,39,2017-10-30,2020-06-28
449,50,2020-07-05,Jhir Mir Nena Neer,Balli Mohanwadi,INN241807968,,29668942.0,91,2018-09-11,2020-06-28
451,52,2020-07-05,Gimme Love,Joji,ZZOPM2002154,34.0,29086384.0,105,2020-04-16,2020-06-28
462,63,2020-07-05,Absolutely Anything (feat. Or3o),Charlie Green (CG5),QZAPG1755724,,17949401.0,121,2017-12-25,2020-06-28
476,77,2020-07-05,Flatbed Freestyle - Playboi Carti,ùìîùì≠ùì≤ùìΩùìº,USUM71806122,,19216551.0,20,2018-05-11,2020-06-28
478,79,2020-07-05,Cradles,SUB URBAN,GB2LD1800949,,22226751.0,102,2019-01-04,2020-06-28
484,85,2020-07-05,Safaera,Bad Bunny & Jowell & Randy & Nengo Flow,QM4TX2030965,,28621736.0,44,2020-02-28,2020-06-28
491,92,2020-07-05,Stranger,CHUNNYT,USA2P1660778,,14806992.0,167,2016-07-01,2020-06-28
508,9,2020-07-19,Tap In,SAWEETIE üñ§,USWB12001096,,29830029.0,95,2020-06-17,2020-07-12
509,10,2020-07-19,Co√±o,Jason Derulo,NLZ542001080,,29988094.0,53,2020-07-03,2020-07-12
513,14,2020-07-19,Wet (She Got That‚Ä¶) [Slowed & Reverbed],YFN Lucci,USUYG1297281,,28501289.0,87,2020-02-14,2020-07-12
515,16,2020-07-19,Better,VALENTINO KHAN,USZ4V1900241,,24686070.0,74,2019-07-26,2020-07-12
519,20,2020-07-19,Better When I'm Dancin',Meghan Trainor,USSM11506387,,15796553.0,40,2016-05-26,2020-07-12
520,21,2020-07-19,Tattoo (Remix with Camilo),Camilo,QZHN21900087,,28466568.0,72,2020-02-13,2020-07-12
531,32,2020-07-19,Renee,SALES,TCACA1408190,,14305216.0,56,2014-09-22,2020-07-12
532,33,2020-07-19,"Agua (Music from ""Sponge on the Run"" Movie)",Tainy,USUM72013642,,30056169.0,70,2020-07-09,2020-07-12
536,37,2020-07-19,Hatchback,cochise,QM42K1975137,,26059560.0,91,2019-09-23,2020-07-12
538,39,2020-07-19,Tadow,Masego,QM24S1703810,,17078169.0,34,2017-10-06,2020-07-12
543,44,2020-07-19,Lottery,K CAMP,USUYG1247701,,22696770.0,113,2019-04-01,2020-07-12
544,45,2020-07-19,Combate,Aldair Playboy,BRUM71900606,,22890088.0,35,2019-04-26,2020-07-12
555,56,2020-07-19,Ya Tabtab...Wa Dallaa,warefüíú,EGA061040101,,24839127.0,47,2010-02-22,2020-07-12
571,72,2020-07-19,I Know,Toni Romiti,TCACS1603215,,14390862.0,50,2016-09-19,2020-07-12
575,76,2020-07-19,I Like Him,Princess Nokia,US23A1502010,,28590283.0,45,2020-02-26,2020-07-12
577,78,2020-07-19,Bandook,Nirvair Pannu,FR96X2024977,,29644559.0,200,2020-05-30,2020-07-12
583,84,2020-07-19,death bed (coffee for your head),Cow & Sheep Lover,USSM12000925,,28419993.0,92,2020-02-08,2020-07-12
584,85,2020-07-19,Ride It,Dj Regard,GBCEN1900047,,24687419.0,74,2019-07-26,2020-07-12
597,99,2020-07-19,–£–ª—å—Ç—Ä–∞–º–∞—Ä–∏–Ω–æ–≤—ã–µ —Ç–∞–Ω—Ü—ã,–≠–ª–¥–∂–µ–π üçå,FR96X1716258,,16823311.0,65,2017-07-28,2020-07-12
599,101,2020-07-19,Monkeys Spinning Monkeys,Kevin MacLeod,USUAN1400011,,17158836.0,227,2014-12-30,2020-07-12
613,14,2020-07-26,Muffins In The Freezer,Tiagz,USSM12004230,,29989564.0,54,2020-07-03,2020-07-19
616,17,2020-07-26,‡ªÉ‡∫™‡ªà‡ªÉ‡∫à‡ªÑ‡∫î‡ªâ‡ªÅ‡∫ï‡ªà‡∫°‡∫≠‡∫á,Gx2,FRX202065939,,30170884.0,63,2020-07-09,2020-07-19
620,21,2020-07-26,Famous (I'm the One),Mozzy & IAMSU!,USUYG1216838,,20781228.0,31,2018-10-05,2020-07-19
627,28,2020-07-26,Bruh,Hovey Benjamin,USUYG1144431,18.8571428571429,15971304.0,50,2017-06-16,2020-07-19
630,31,2020-07-26,se essa vida fosse um filme,giulia be,BRWMB2000164,,28855558.0,43,2020-03-27,2020-07-19
631,32,2020-07-26,24,Money Man,USUYG1300477,14.4285714285714,28650243.0,82,2020-03-02,2020-07-19
633,34,2020-07-26,FENDI,Rakhim,FRX202066611,,30222410.0,117,2020-07-17,2020-07-19
651,52,2020-07-26,Ashes,Stellar,QZDA52012875,,29305754.0,88,2020-05-03,2020-07-19
652,53,2020-07-26,Backyard Boy,Claire Rosinkranz,QZHN62022495,,29783965.0,75,2020-06-08,2020-07-19
653,54,2020-07-26,Girls Need Love,Summer Walker,USUM71809283,,20277860.0,37,2018-07-26,2020-07-19
654,55,2020-07-26,Biliyom,enesbatur0,FRX202073184,,30232168.0,160,2020-07-18,2020-07-19
657,58,2020-07-26,Mega Francesita (Remix),DJ Dmonio,FR2X41774195,7.85714285714286,12094245.0,135,2017-04-22,2020-07-19
658,59,2020-07-26,NEVER MET! (feat. Glitch Gum),CMTEN,QZDA62062258,6.42857142857143,29470752.0,56,2020-05-01,2020-07-19
659,60,2020-07-26,You Deserve to be My Wife,DJ Haning,TCAES2015263,,28796444.0,87,2020-03-18,2020-07-19
663,64,2020-07-26,SAD!,XXXTENTACION,USUG11800208,,18617811.0,41,2018-03-02,2020-07-19
674,75,2020-07-26,Se√±orita,Shawn,USUM71911283,,24138628.0,108,2019-06-21,2020-07-19
676,77,2020-07-26,Moto,Diler Kharkiya,INR731900731,,28227735.0,98,2020-01-06,2020-07-19
683,84,2020-07-26,Gucci On My Body,Baby Ariel,USAT21802695,,19967532.0,7,2018-06-14,2020-07-19
687,88,2020-07-26,Game over!,Harris Cole,TCACQ1682527,,14383976.0,77,2016-08-02,2020-07-19
697,98,2020-07-26,Hit It,ùíÄùëºùëµùëÆ ùë∫ùë≤ùëπùëπùëª ,QZFZ72063845,,28847010.0,131,2019-07-27,2020-07-19
731,32,2020-08-02,The Chicken Wing Beat,Ricky Desktop,QZHN72010372,,29891961.0,125,2020-06-13,2020-07-26
734,35,2020-08-02,"Ay, DiOs M√≠o!",Karol G,USUM72013593,16.4285714285714,30064736.0,94,2020-07-10,2020-07-26
750,51,2020-08-02,Suit & Tie (feat. JAY Z) - [Radio Edit],Justin Timberlake,USRC11300004,,15675343.0,47,2013-03-15,2020-07-26
752,53,2020-08-02,Jolie nana,Aya Nakamura,FRZ042000666,,30213335.0,72,2020-07-17,2020-07-26
753,54,2020-08-02,Oompa Loompa,Sig,QZHN61964237,10.4285714285714,30199673.0,102,2019-09-30,2020-07-26
754,55,2020-08-02,Toco Toco To,Dixson Waz,TCADW1850820,13.0,22332907.0,115,2018-09-22,2020-07-26
759,60,2020-08-02,–ó–æ–ª–æ—Ç–æ - Rakurs & Ramirez Remix,–ú–∞—Ä–∏ –ö—Ä–∞–π–º–±—Ä–µ—Ä–∏ ,FR59R1930256,7.57142857142857,24199241.0,196,2019-06-18,2020-07-26
760,61,2020-08-02,Memories (Drinks Bring Back),AJAY STEVENS üáØüá≤üìç,QZHN71981077,8.0,26849242.0,133,2019-10-12,2020-07-26
767,68,2020-08-02, Fast,sueco the child,USAT21903003,,22958840.0,160,2019-05-10,2020-07-26
794,96,2020-08-02,Run,AWOLNATION,USP6L1400285,,15593167.0,114,2015-03-05,2020-07-26
795,97,2020-08-02,8 Parche,Baani Sandhu,FR96X1934664,,25173006.0,7,2019-09-12,2020-07-26
798,100,2020-08-02,Believer,Imagine Dragons,USUM71700626,,15939926.0,135,2017-01-31,2020-07-26
842,43,2020-08-09,Toy,Netta,IL5181100107,11.0,18759175.0,90,2018-03-11,2020-08-02
844,45,2020-08-09,Flexin',LIT killahü©∏,ARF112000056,12.0,29919021.0,86,2020-06-11,2020-08-02
853,54,2020-08-09,High Fashion (feat. Mustard),Roddy Ricch,USAT21906985,,27599219.0,96,2019-12-06,2020-08-02
863,64,2020-08-09,Lai Lai Lai,Realkdmusic,QZFYX1995369,,24361118.0,163,2019-06-10,2020-08-02
865,66,2020-08-09,Crisis,Jasiah,USAT22005016,,30432211.0,18,2020-07-27,2020-08-02
879,80,2020-08-09,Boy With Luv,BTS,QM6MZ1917908,,22824253.0,143,2019-04-12,2020-08-02
892,94,2020-08-09,Run Free (feat. IVIE),Deep Chills,NLYK91700007,,13646389.0,28,2017-08-18,2020-08-02
902,3,2020-08-16,Mood Swings,POP SMOKE üí´,USUM72013632,,29991728.0,29,2020-07-03,2020-08-09
928,29,2020-08-16,For The Night,POP SMOKE üí´,USUM72013355,,29991795.0,41,2020-07-03,2020-08-09
929,30,2020-08-16,–ë–ï–ì–ò feat. Po√´t,djsmash,RUA1D2029761,11.8571428571429,30693960.0,74,2020-08-05,2020-08-09
930,31,2020-08-16,Pakistan Zindabad,Sahir Ali Bagga,USLZJ1939219,25.1428571428571,31096823.0,195,2019-06-24,2020-08-09
940,42,2020-08-16,Hey Julie! (feat. Lil Yachty),lilyachty,USAT21812415,,22061687.0,19,2018-12-03,2020-08-09
944,46,2020-08-16,≈ûiki ≈ûiki,Ece Ronay,FRX282030564,,30690393.0,44,2020-08-01,2020-08-09
947,49,2020-08-16,PAP√ÅS,Mau y Ricky,USSD12000204,,30780989.0,56,2020-08-06,2020-08-09
949,51,2020-08-16,Oh Juliana,MC Niack,BCRIX2000015,,30019185.0,67,2020-06-30,2020-08-09
951,53,2020-08-16,Knock at the Door,Playsongs People,QM4TW1789719,9.85714285714286,30729704.0,82,2017-03-31,2020-08-09
953,55,2020-08-16,Kimi No Toriko,Rizky Ayuba,TCAEX2023943,7.57142857142857,29619218.0,144,2020-05-03,2020-08-09
956,58,2020-08-16,Ranada,TOPVIEW,USAT21905317,11.7142857142857,25999001.0,71,2019-10-11,2020-08-09
958,60,2020-08-16,Play With Me,Foolio,CA5KR2071034,,30486538.0,25,2020-07-26,2020-08-09
962,64,2020-08-16,Dancing With Your Ghost,Sasha Sloan,USRC11901644,,24225427.0,89,2019-06-28,2020-08-09
994,96,2020-08-16,Selfie Song,Davey Langit,PHS091705769,,13721129.0,44,2017-09-01,2020-08-09
997,99,2020-08-16,Summer Days,Martin Garrix,NLM5S1900528,77.4285714285714,22886113.0,210,2019-04-25,2020-08-09
1001,2,2020-08-23,Sex Talk,Megan Thee Stallion,QMCE31902074,,22636587.0,46,2019-03-22,2020-08-16
1004,5,2020-08-23,Bulletproof,La Roux,GBUM70903779,,13062577.0,24,2015-04-28,2020-08-16
1010,11,2020-08-23,Kismet,XIX,QZES92024803,,29490173.0,44,2020-05-12,2020-08-16
1015,16,2020-08-23,WAPÔºàfeat. Megan Thee StallionÔºâ,Cardi B,USAT22005111,,30793258.0,84,2020-08-07,2020-08-16
1018,19,2020-08-23,Freak (feat. REI AMI),SUB URBAN,USWB12000170,49.1428571428571,28735425.0,75,2020-03-13,2020-08-16
1042,43,2020-08-23,The Race - Remix,21,USQX91702635,,17882738.0,32,2017-12-14,2020-08-16
1043,44,2020-08-23,–ö–æ–∂–∞–Ω—ã–µ —à—Ç–∞–Ω—ã,FixPlay,RUA1D2060000,,31880801.0,28,2020-11-02,2020-08-16
1046,47,2020-08-23,WAP (feat. Megan Thee Stallion),Cardi B,USAT22005111,12.2857142857143,30793258.0,72,2020-08-07,2020-08-16
1049,50,2020-08-23,Overwhelmed,Royal & the Serpent,USAT22002973,11.0,29921048.0,143,2020-06-26,2020-08-16
1090,92,2020-08-23,Blinding Lights,The Weeknd,USUG11904206,,27552418.0,116,2019-11-29,2020-08-16
1093,95,2020-08-23,"10,000 Hours",Justin Bieber,USWB11902408,,25596903.0,52,2019-10-04,2020-08-16
1100,1,2020-08-30,All TikTok Mashup (JVKE - Upside Down),JVKE üå©,QM24S2008283,,31061637.0,82,2020-08-18,2020-08-23
1106,7,2020-08-30,Because of You,Ne-Yo,USUM70731570,23.1428571428571,15905626.0,50,2007-12-24,2020-08-23
1112,13,2020-08-30,Dynamite,BTS,QM7282022872,,31077815.0,116,2020-08-21,2020-08-23
1115,16,2020-08-30,The Dice Beat Pt. 1,Ricky Desktop,TCAFA2005385,,30402893.0,24,2020-07-20,2020-08-23
1124,25,2020-08-30,Mood,24kGoldn,USQX92003025,15.0,30361159.0,142,2020-07-24,2020-08-23
1148,49,2020-08-30,Sevdanƒ±n B√∂ylesi,Bilal Hancƒ±,FRX282065611,,30999271.0,51,2020-08-14,2020-08-23
1150,51,2020-08-30,Money Trees,Kendrick Lamar,USUM71210785,,15924392.0,49,2012-10-22,2020-08-23
1163,65,2020-08-30,Little Do You Know (Speed Up),Alex & Sierra,USSM11404193,,15793656.0,44,2014-01-01,2020-08-23
1177,79,2020-08-30,Kill This Love,blackpinkofficial,KRA401900005,,22757891.0,98,2019-04-04,2020-08-23
1184,86,2020-08-30,Kalla Sohna Nai,Neha Kakkar,FRX452036086,,28796976.0,58,,2020-08-23
1187,89,2020-08-30,Solo,Clean Bandit,GBAHS1800328,12.5714285714286,19252730.0,141,2018-05-17,2020-08-23
1188,90,2020-08-30,Buttercup,Jack Stauber,QMPKX1703669,,13922085.0,70,2017-03-25,2020-08-23
1194,96,2020-08-30,Thunder,Imagine Dragons,USUM71704167,,15940631.0,7,2017-04-27,2020-08-23
1203,4,2020-09-06,Whole Lotta Choppas,Sada Baby,US39N2000446,,30985084.0,56,2020-08-14,2020-08-30
1208,9,2020-09-06,Mad at Disney,salem,QMEZE2076989,18.8571428571429,29906763.0,82,2020-06-24,2020-08-30
1209,10,2020-09-06,Lets Link,WhoHeem,QMGR32142379,,31160060.0,53,2020-08-20,2020-08-30
1236,37,2020-09-06,Pegao / Me Miro y La Mire (TikTok Hit),Omega,ITF251400177,16.7142857142857,29496521.0,93,2014-10-15,2020-08-30
1239,40,2020-09-06,‡∏™‡∏∏‡∏î‡∏õ‡∏±‡∏á,Milli,FRX282050736,12.4285714285714,30990166.0,93,2020-08-14,2020-08-30
1241,42,2020-09-06,feel something - bea miller,valenüßöüèª,USHR11939250,,24134416.0,67,2019-06-21,2020-08-30
1242,43,2020-09-06,Mi Cuarto,Jerry Di,USUM72002612,,28923624.0,38,2020-04-03,2020-08-30
1246,47,2020-09-06,You Got It,Vedo,USUYG1299206,17.2857142857143,28672165.0,161,2020-03-06,2020-08-30
1248,49,2020-09-06,Haw√°i,Maluma,USSD12000190,13.2857142857143,30467795.0,73,2020-07-29,2020-08-30
1249,50,2020-09-06,Pow,Soulja Boy,SEYOK1408582,,14162585.0,34,2014-04-24,2020-08-30
1261,63,2020-09-06,‡∏≠‡∏¢‡πà‡∏≤‡∏¢‡∏¥‡πâ‡∏°,Cyanide & NINJA,FR10S1903089,,22251163.0,88,2019-01-05,2020-08-30
1302,3,2020-09-13,"The Banjo Beat, Pt. 1",Ricky Desktop,QZK6L2004258,,31136030.0,74,2020-08-21,2020-09-06
1335,36,2020-09-13,Rover (feat. DTG),S1mba,GBCUW1900128,13.1428571428571,27342201.0,97,2019-11-15,2020-09-06
1339,40,2020-09-13,Throat Baby (Go Baby),BRS Kash,TCAEN1969372,,28250886.0,62,2019-11-22,2020-09-06
1342,43,2020-09-13,Ayer Me Llam√≥ Mi Ex (feat. Lenny Santos),KHEA,USLD91728247,11.7142857142857,31075291.0,69,2020-08-20,2020-09-06
1343,44,2020-09-13,Coco,Wejdene,FRUM72001162,10.1428571428571,31059692.0,59,2020-08-19,2020-09-06
1346,47,2020-09-13,Locked out of Heaven,Bruno Mars,USAT21203287,,15086427.0,54,2013-11-15,2020-09-06
1347,48,2020-09-13,Put Your Records On,Ritt Momney,QZDA82017347,31.4285714285714,29186474.0,99,2020-04-24,2020-09-06
1348,49,2020-09-13,PYRO,Castion,NLG3N1900048,11.7142857142857,25596273.0,169,2019-10-07,2020-09-06
1362,63,2020-09-13,"Spooky, Scary Skeletons",Andrew Gold,USB440453203,,15100527.0,65,2006-10-03,2020-09-06
1363,64,2020-09-13,Funky Town,The Dance Queen Group,ITS049900037,,13336840.0,59,2007-11-04,2020-09-06
1395,96,2020-09-13,See You Again (feat. Charlie Puth),Charlie Puth,USAT21703595,,16862141.0,218,2015-01-01,2020-09-06
1397,98,2020-09-13,Pitbull Terrier,Die Antwoord,GBWWP1400371,,13111325.0,95,2014-06-03,2020-09-06
1400,1,2020-09-20,Tampa Curhat Beat,TampaCurhat,TCAFA2047032,,30714512.0,68,2020-07-31,2020-09-13
1406,7,2020-09-20,What You Know Bout Love,POP SMOKE üí´,USUM72013339,,29992521.0,74,2020-07-03,2020-09-13
1420,21,2020-09-20,Fake Capo,Karetta el Gucci,QZDA61859605,,20290878.0,51,2018-07-15,2020-09-13
1423,24,2020-09-20,The Wonder Pets!,Wonder Pets,USN1R0703001,,15566721.0,28,2007-04-10,2020-09-13
1427,28,2020-09-20,Se Te Nota,Lele Pons,USUM72016220,14.7142857142857,31222581.0,75,2020-09-02,2020-09-13
1439,40,2020-09-20,Muchachita Consentida,Rayito Colombiano,MXUM70801969,,13442203.0,51,2014-06-10,2020-09-13
1443,44,2020-09-20,Ice Cream (with Selena Gomez),Selena Gomez,KRA402000131,10.2857142857143,31155769.0,135,2020-08-28,2020-09-13
1479,80,2020-09-20,Rap God,eminem,USUM71314079,,15928724.0,7,2013-01-01,2020-09-13
1496,98,2020-09-20,psycho,PoùêøùíæùìÉùí∂ ‚ú∞,TCACT1646486,,14396944.0,79,2016-11-08,2020-09-13
1497,99,2020-09-20,Go Fuck Yourself,TwoFeet official,DEVF11600016,,11773070.0,132,2016-07-29,2020-09-13
1498,100,2020-09-20,Yiken,Priceless Da ROC,USUYG1031793,,15955764.0,7,2013-08-13,2020-09-13
1506,7,2020-09-27,M to the B,M to The B üêùüíñ,NLK2U2000405,,31172000.0,39,2020-08-28,2020-09-20
1513,14,2020-09-27,Chicken Wing,Stard Ova üìÄüíø,DEQS81200103,,31385442.0,49,2020-09-12,2020-09-20
1544,45,2020-09-27,May I,Flomilli,USRC12002532,,30365080.0,42,2020-07-24,2020-09-20
1545,46,2020-09-27,S√≥ Voc√™,L√©o Santana,BRUM72002593,9.42857142857143,31157991.0,89,2020-08-28,2020-09-20
1546,47,2020-09-27,ICE (feat. MORGENSHTERN),Morgenshtern,FRX282026285,15.8571428571429,30524363.0,131,2020-07-31,2020-09-20
1547,48,2020-09-27,Vive de Golpe,MC Junin RD,QZHZ62025912,,30579545.0,116,2020-07-26,2020-09-20
1554,55,2020-09-27,Beauty Hurts,JACK BE,GBKPL1814111,,20328754.0,86,2018-08-03,2020-09-20
1562,63,2020-09-27,DAME LUZ,Jimena,QZ7R42050262,,28471298.0,41,2020-02-14,2020-09-20
1563,64,2020-09-27,‡∏ñ‡πâ‡∏≤‡πÄ‡∏Ç‡∏≤‡∏à‡∏∞‡∏£‡∏±‡∏Å (‡∏¢‡∏∑‡∏ô‡πÄ‡∏â‡∏¢‡πÜ‡πÄ‡∏Ç‡∏≤‡∏Å‡πá‡∏£‡∏±‡∏Å),First Anuwat,THMAR2000303,,31073151.0,68,2020-08-20,2020-09-20
1599,100,2020-09-27,Expert Jatt,Nawabofficial,FR10S1990329,,22663167.0,83,2018-01-18,2020-09-20
1618,19,2020-10-04,"Boom, Boom, Boom, Boom!!",Vengaboys,NLC529811150,15.4285714285714,13505906.0,103,2014-11-17,2020-09-27
1638,39,2020-10-04,No Guidance (Remix),Ayzha Nyree,QZMWW2015411,,30776834.0,26,2020-08-01,2020-09-27
1645,46,2020-10-04,Levitating,Dua Lipa,GBAHT1901299,,28853515.0,70,2020-03-27,2020-09-27
1650,51,2020-10-04,Colocada Forte,MC Niack,QZGLM2073853,10.5714285714286,28971001.0,78,2020-03-15,2020-09-27
1651,52,2020-10-04,Deep End,Foushe√©,USRC12002568,18.0,30521029.0,112,2020-07-31,2020-09-27
1653,54,2020-10-04,remember to drink water,‚ú®  ùöúùöùùöéùöïùöïùöä  ‚ú®,QMW9F1100003,10.2857142857143,13952392.0,88,2011-06-21,2020-09-27
1655,56,2020-10-04,Steven Universe,L.Dre,QZFZ32084911,8.57142857142857,28637630.0,221,2020-02-21,2020-09-27
1656,57,2020-10-04,Trofeo,SechMusic,QM9WM2000017,65.5714285714286,29094538.0,97,2020-04-15,2020-09-27
1681,82,2020-10-04,SIX'FO,zaehd,USQX91901040,,22926928.0,21,2019-04-20,2020-09-27
1692,94,2020-10-04,Oh Klahoma,Jack Stauber,QMPKX1703670,,13922086.0,44,2017-03-25,2020-09-27
1693,95,2020-10-04,–î–µ–≤—á–æ–Ω–∫–∞ —Å–æ –¥–≤–æ—Ä–∞,–•–∞–±–∏–±,SMRUS0065053,5.28571428571429,31520358.0,62,2020-09-21,2020-09-27
1694,96,2020-10-04,Despeinada,OZUNA,USXDR2000590,5.28571428571429,31228011.0,132,2020-09-03,2020-09-27
1695,97,2020-10-04,Daisy (I‚Äôm Crazy But You Like That),ashnikko,GBAYE2000596,,30060901.0,73,2020-07-09,2020-09-27
1702,3,2020-10-11,New Thang,Redfoo The Dude,TCABZ1405080,,14301527.0,59,2015-07-13,2020-10-04
1706,7,2020-10-11,Hit the Quan (Original Version),üî•FOLLOW ME üíØ,QM33K1500006,,13770116.0,54,2015-10-09,2020-10-04
1716,17,2020-10-11,Drip Like ME,Kenndog,QZFZ52017755,,31514562.0,36,2020-03-01,2020-10-04
1743,44,2020-10-11,Girlfriend,Avril Lavigne,USRC10700021,,15673478.0,41,2007-04-16,2020-10-04
1745,46,2020-10-11,Que me deje coja si no next de Dj Peligro,DJ Peligro ,QZK6K2035736,,31255720.0,24,2020-09-02,2020-10-04
1749,50,2020-10-11,T√¨nh Y√™u Kh·ªßng Long,Fay,FR59R2026340,,31516477.0,70,2020-04-10,2020-10-04
1756,57,2020-10-11,–¢–∞–Ω—Ü–µ–≤–∞—Ç—å –≤–æ—Ç —Ç–∞–∫,–ú–ê–†–£–°–Ø –ù–ê –°–í–Ø–ó–òü§™,QMBZ92034965,,31536565.0,34,2020-10-02,2020-10-04
1774,75,2020-10-11,Mi Mujer Me Gobierna - En Vivo,La Banda Gorda,QM6N21824965,,23441160.0,88,2018-10-26,2020-10-04
1786,87,2020-10-11,Sunflower - Spider-Man: Into the Spider-Verse,Post Malone,USUM71814888,,21815071.0,70,2018-10-18,2020-10-04
1794,95,2020-10-11,Hugh Hefner,brat,USSM12005231,,31313592.0,9,2020-09-11,2020-10-04
1795,96,2020-10-11,Love Story,Disco Lines,USUG12003755,,31440376.0,14,2020-09-22,2020-10-04
1797,99,2020-10-11,Oh Nanana - Remix,dj 6rb & Bonde R300,US7VG1770309,,14710643.0,102,2017-03-22,2020-10-04
1817,18,2020-10-18,Stuck in the Middle,Tai Verdes,QZHN52001856,17.7142857142857,29701771.0,113,2020-05-29,2020-10-11
1831,32,2020-10-18,Said Sum - Remix,Moneybagg Yo,USUM72017281,,31380700.0,51,2020-09-17,2020-10-11
1832,33,2020-10-18,Promiscuous,Nelly Furtado,USUM70603473,,15902731.0,57,2017-04-21,2020-10-11
1836,37,2020-10-18,Conga,Gloria Estefan & Miami Sound Machine,USSM10026825,,15763407.0,34,2011-08-12,2020-10-11
1837,38,2020-10-18,–°–Ω–æ–≤–∞ —è –Ω–∞–ø–∏–≤–∞—é—Å—å,SLAVA MARLOW,FRX872051222,,31583892.0,85,2020-10-07,2020-10-11
1838,39,2020-10-18,Dreams (2004 Remaster),Fleetwood Mac,USWB19900178,12.5714285714286,16032762.0,113,1988-11-21,2020-10-11
1839,40,2020-10-18,Parce,Juan Luis,USSD12000217,11.7142857142857,31077840.0,111,2020-08-21,2020-10-11
1841,42,2020-10-18,Among Us,iamjuampi,QZK6J2095138,,31419761.0,87,2020-09-09,2020-10-11
1843,44,2020-10-18,Mala Vida,naiki,UYB282000003,10.2857142857143,31287675.0,30,2020-09-09,2020-10-11
1846,47,2020-10-18,Come Together,Now United,QZBQM2000001,,28737497.0,115,2020-03-13,2020-10-11
1848,49,2020-10-18,Mad Hatter,Melanie Martinez,USAT21501943,,15090237.0,7,2015-08-14,2020-10-11
1889,91,2020-10-18,Papi Chulo,Octavian & Skepta,QM4TX2039607,10.4285714285714,28731720.0,73,2020-03-13,2020-10-11
1894,96,2020-10-18,Lovesick Girls,blackpinkofficial,KRA402000136,3.0,31529956.0,111,2020-10-02,2020-10-11
1895,97,2020-10-18,Jovem,Julio Secchin,BX5J01900001,,22992600.0,109,2019-05-10,2020-10-11
1897,99,2020-10-18,"Ice Dance (From ""Edward Scissorhands"")",Ashton Gleckman,QZFZ62022478,84.2857142857143,29937173.0,80,2020-03-04,2020-10-11
1898,100,2020-10-18,Ciao,Wejdene,FRUM72001176,3.71428571428571,31458936.0,33,2020-09-25,2020-10-11
1903,4,2020-10-25,Garage Room Freestyle (Reel It In),Number9ok,QM24S2009905,,31725832.0,52,2020-10-14,2020-10-18
1908,9,2020-10-25,Potential Breakup Song,Aly and AJ,USHR10723111,,15392721.0,39,2007-01-01,2020-10-18
1935,36,2020-10-25,–ú–∞—Ä–º–µ–ª–∞–¥–∫–∞,–ë–ê –ë–ò–ßü§°,QMBZ92057087,,31664043.0,40,2020-10-16,2020-10-18
1942,43,2020-10-25,Rom Bim Bom,Rombi & Bombi,RUA1D2049415,,31643040.0,48,2020-09-22,2020-10-18
1943,44,2020-10-25,Vida de Rico,Camilo,USSD12000388,8.71428571428571,31434435.0,108,2020-09-21,2020-10-18
1957,59,2020-10-25,Senorita,DJ Noiz,TCADD1779111,,14421921.0,12,2017-07-10,2020-10-18
1966,68,2020-10-25,OTTAGATHAI KHATIKHO,SAMIER KHAN,UST8K1880587,,22508778.0,12,2018-10-06,2020-10-18
1983,85,2020-10-25,Taste,Tyga,USUYG1198481,91.2857142857143,19244357.0,177,2018-05-16,2020-10-18
1991,93,2020-10-25,Meu Lado da Hist√≥ria,YNC Choji,QZGLM1901195,,23967221.0,98,2019-03-27,2020-10-18
1997,99,2020-10-25,Lemonade,Wunna,QZJ842000368,1.0,30985139.0,139,2020-08-14,2020-10-18
2010,11,2020-11-01,N√£o Fica Apaixonadinha,MC Lorenzo,QZMZ92045805,,31769803.0,62,2020-08-31,2020-10-25
2011,12,2020-11-01,–ê–£–§,SQWOZ BAB,FRX872078503,,31730628.0,42,2020-10-20,2020-10-25
2022,23,2020-11-01,Super Freak,Rick James,USMO18100048,64.1428571428571,15552050.0,90,2009-04-24,2020-10-25
2029,30,2020-11-01,F Boy,Ander Huang & DJ Kuromi,QZHNC2078374,,31595311.0,91,2020-08-22,2020-10-25
2039,40,2020-11-01,Say I Yi Yi,D-Roc,USW9J1000104,9.42857142857143,16009461.0,41,2002-03-26,2020-10-25
2043,44,2020-11-01,Monster Mash	,Bobby Pickett	,GBBBA7360050,14.5714285714286,12548053.0,71,2001-01-01,2020-10-25
2044,45,2020-11-01,Beautiful Scars,Maximillian,DKUM71900058,36.2857142857143,22473419.0,242,2019-02-22,2020-10-25
2045,46,2020-11-01,Be Around Me,Will Joseph Cook,UKY6X2000001,,31290314.0,56,2020-09-09,2020-10-25
2051,52,2020-11-01,Don't Rush,Young T & Bugsey,GBARL1901201,,26952282.0,83,2019-11-07,2020-10-25
2069,70,2020-11-01,"Need A Freak (feat. Huncho Da Rockstar, Kblast, Number9ok)",Mighty Bay,CA5KR2002452,,28574948.0,31,2020-01-13,2020-10-25
2102,3,2020-11-08,Where Is The Love?,Black Eyed Peas,USIR10311862,,15414778.0,47,2003-01-01,2020-11-01
2103,4,2020-11-08,Oh No,Kreepa,USUYG1287925,,29425832.0,87,2019-12-13,2020-11-01
2106,7,2020-11-08,BOO!,Theyluv____,QMBZ92078637,,31681826.0,56,2020-10-16,2020-11-01
2131,32,2020-11-08,Lonely,Justin Bieber,USUM72019037,10.8571428571429,31667714.0,98,2020-10-16,2020-11-01
2137,38,2020-11-08,positions,arianagrande,USUM72019412,12.0,31753148.0,73,2020-10-23,2020-11-01
2143,44,2020-11-08,All I Want for Christmas Is You,Mariah Carey,USSM19400325,,15816657.0,88,2017-09-15,2020-11-01
2147,48,2020-11-08,Blow Your Mind (Mwahchallenge),Dua Lipa,GBAHT1600302,,12453530.0,83,2016-08-26,2020-11-01
2178,80,2020-11-08,Ay Balam,Uzeyir Mehdizade,NL1AP1961594,4.71428571428571,27578659.0,92,2019-09-11,2020-11-01
2179,81,2020-11-08,Dancing in My Room,347aidan,QZMEN2099087,,31794188.0,60,2020-10-26,2020-11-01
2188,90,2020-11-08,Chica Ideal,Sebasti√°n Yatra & Guaynaa,USUM72017740,4.71428571428571,31663656.0,97,2020-10-16,2020-11-01
2190,92,2020-11-08,Nem Guindaste,JottaPe,BXKZM2000655,4.71428571428571,31496821.0,109,2020-09-29,2020-11-01
2193,95,2020-11-08,At My Worst,pinksweatsmusic,USAT22003823,6.71428571428571,30211836.0,103,2020-07-17,2020-11-01
2194,96,2020-11-08,G√∂zler √úzerimde,Yaren Alaca,TRBUL2000030,5.14285714285714,31740100.0,35,2020-10-21,2020-11-01
2195,97,2020-11-08,Whoopty,Real CJ,USA2P2031043,,31140457.0,87,2020-08-20,2020-11-01
2197,99,2020-11-08,Aesthetic,Xilo,QZFZ22071847,5.28571428571429,28796568.0,223,2020-02-14,2020-11-01
2199,101,2020-11-08,Sweet & Sour,Jawsh 685,USSM12005132,5.28571428571429,31226592.0,98,2020-09-04,2020-11-01
2245,46,2020-11-15,Bodak Yellow,Cardi B,USAT21701762,,15093590.0,9,2017-11-17,2020-11-08
2249,50,2020-11-15,Astronomia,Chiky Dee Jay,ART0G1808448,66.0,29088764.0,160,2020-04-12,2020-11-08
2274,75,2020-11-15,Out the Frame,Marv Allen,QZK6F2001433,56.4285714285714,31846333.0,60,2020-09-24,2020-11-08
2285,86,2020-11-15,Blue Bird (Naruto Shippuden) [feat. Animelmack],Berioska,QZFZ62022436,51.2857142857143,29659569.0,110,2020-03-28,2020-11-08
2288,89,2020-11-15,Elastic,Joey Purp,QZEGJ1800004,95.8571428571429,20533213.0,90,2018-09-13,2020-11-08
2290,91,2020-11-15,North Memphis,Pharmacist,QZHNC1902102,10.5714285714286,28170775.0,167,2019-08-07,2020-11-08
2293,94,2020-11-15,Spongebob,Dante9k,QZFYZ2047242,7.42857142857143,32023663.0,199,2020-01-28,2020-11-08
2294,95,2020-11-15,Hislerim,Serhat Durmus,TCADT1883474,2.42857142857143,20393105.0,134,2018-08-10,2020-11-08
2298,99,2020-11-15,Lofi,Domknowz,QZFZ42089472,2.57142857142857,28931601.0,180,2020-02-28,2020-11-08
2299,100,2020-11-15,Took Her To The O,King Von,USUYG1296663,2.85714285714286,28552271.0,114,2020-02-21,2020-11-08
2300,1,2020-11-22,Adderall (Corvette Corvette),Popp Hunna,USA2P2036916,,31753663.0,72,2020-10-15,2020-11-15
2302,3,2020-11-22,It's Tricky,RUN DMC,USAR18600005,21.8571428571429,15051716.0,244,2010-04-30,2020-11-15
2303,4,2020-11-22,Therefore I Am,BILLIE EILISH,USUM72021500,,31948804.0,46,2020-11-12,2020-11-15
2305,6,2020-11-22,Shower,Becky G,USRC11400866,,15676244.0,69,2014-10-17,2020-11-15
2312,13,2020-11-22,pov,arianagrande,USUM72020441,,31826434.0,32,2020-10-30,2020-11-15
2321,22,2020-11-22,–¢–ª–µ–µ—Ç,Bula,SMRUS0065742,,31819219.0,25,2020-10-20,2020-11-15
2322,23,2020-11-22,WATAFUK?!,Morgenshtern & Lil Pump,FR26V2030732,,31948292.0,57,2020-11-13,2020-11-15
2323,24,2020-11-22,D√ÅKITI,Jhaycortez,QZGWX2053010,,31974516.0,64,2020-11-07,2020-11-15
2329,30,2020-11-22,El Aguacate Es Potasio - TikTok Version,Hey Santana,QZMEP2041048,,31783549.0,31,2020-10-22,2020-11-15
2332,33,2020-11-22,sonido original,Karol G,USUM72019324,,31751726.0,69,2020-10-23,2020-11-15
2333,34,2020-11-22,Joro,WizKid,USRC11901068,,24414472.0,67,2019-07-10,2020-11-15
2334,35,2020-11-22,Fuck It Up,Ocho Drippin,USUYG1207314,,20494883.0,41,2018-08-31,2020-11-15
2335,36,2020-11-22,–Ø–≥–æ–¥–∞ –ú–∞–ª–∏–Ω–∫–∞,–•–ê–ë–ò–ë–ö–ê,RUA1D2064344,,32001549.0,72,2020-11-17,2020-11-15
2336,37,2020-11-22,CONVOQUEI TODAS PIR4NHA,DJ VITINHO BDP & DJ Arthur ZL & MC Mn & MC RD,US3DF2085678,,31729205.0,67,2020-09-06,2020-11-15
2337,38,2020-11-22,Call 911,Trunks & Cjota,QZ5AB1979905,,20211270.0,31,2018-05-21,2020-11-15
2348,49,2020-11-22,Wrap Me In Plastic (Slowed Down Version),CHROMANCE & Marcus Layton,DEE862000406,,28858320.0,7,2020-03-27,2020-11-15
2371,73,2020-11-22,Line Without a Hook,Ricky Montgomery,USA2P1624696,,14803912.0,71,2016-04-08,2020-11-15
2373,75,2020-11-22,BICHOTA,Karol G,USUM72019324,,31751726.0,74,2020-10-23,2020-11-15
2377,79,2020-11-22,Fever,Dua Lipa,GBAHT2000834,,31822547.0,72,2020-10-29,2020-11-15
2386,88,2020-11-22,Mamacita,Yanix,FRX872007945,,31526741.0,32,2020-10-02,2020-11-15
2389,91,2020-11-22,One Love,Now United,QZBQM2000024,,31888712.0,72,2020-11-06,2020-11-15
2392,94,2020-11-22,Jingle Bell Rock,Bobby Helms,USMC15746480,5.14285714285714,15529965.0,71,2015-10-28,2020-11-15
2393,95,2020-11-22,Hold On,Extreme Music,GBBPP1509812,,12593114.0,71,2015-06-19,2020-11-15
2396,98,2020-11-22,THICK (feat. Megan Thee Stallion) (Remix),DJ Chose & Megan Thee Stallion,CA5KR2105823,,31823084.0,51,2020-10-30,2020-11-15
2398,100,2020-11-22,Silence,Silent,TCABF1246524,1.28571428571429,20057797.0,181,,2020-11-15
2399,101,2020-11-22,Melody (1983 Club Vinyl Mix),Plustwo,USCGH1941348,,22698569.0,72,2019-02-20,2020-11-15
2423,24,2020-11-29,Teach Me How To Dougie,Classics Reborn,USQY51330295,33.4285714285714,15647122.0,68,2013-02-08,2020-11-22
2457,58,2020-11-29,Opaul,Freddie Dredd,USDY41838659,,19239692.0,20,2018-04-26,2020-11-22
2461,62,2020-11-29,the remedy for a broken heart (why am I so in love),XXXTENTACION,USUG11800488,,18766734.0,197,2018-03-16,2020-11-22
2467,68,2020-11-29,A Thousand Years,christina perri,USAT21102141,,15085781.0,204,2016-11-18,2020-11-22
2482,83,2020-11-29,Obviously,AyhTee,QZHNA1971359,4.85714285714286,27622738.0,28,2019-12-01,2020-11-22
2487,88,2020-11-29,Just the Two of Us,"Grover Washington, Jr.",USEE19901162,3.57142857142857,15275075.0,119,2010-12-08,2020-11-22
2494,95,2020-11-29,Elevator Music,Bohoman,GBSMU7379010,3.71428571428571,29115051.0,163,2019-11-14,2020-11-22
2517,18,2020-12-06,Drugs (feat. Two Feet),UPSAHL,USQX91803133,13.7142857142857,22290224.0,60,2019-01-18,2020-11-29
2560,62,2020-12-06,Money (amended),Cardi B,USAT21811495,7.28571428571429,21851577.0,86,2018-10-23,2020-11-29
2568,70,2020-12-06,Honey Pack,Bfb Da Packman,QMBZ92064644,63.4285714285714,31761980.0,53,2020-10-23,2020-11-29
2569,71,2020-12-06,Bitch Go Die,SPEED GANG,TCADR1833177,4.85714285714286,20317501.0,71,2018-06-06,2020-11-29
2573,75,2020-12-06,Problemas,Paris Boy,QZK6F2044892,4.0,31656950.0,91,2020-10-11,2020-11-29
2576,78,2020-12-06,It's Beginning to Look a Lot like Christmas,Michael Bubl√©,USRE11100700,7.28571428571429,15691786.0,72,2012-10-16,2020-11-29
2581,83,2020-12-06,We Wish You a Merry Christmas,Merry Christmas,USA370529811,10.4285714285714,14825305.0,63,1979-10-01,2020-11-29
2583,85,2020-12-06,Fake,The Tech Thieves,QZ8GX1700268,3.57142857142857,20319626.0,209,2018-08-03,2020-11-29
2589,91,2020-12-06,Naruto,Slikkante,QZK6N2069670,2.57142857142857,32294238.0,94,2020-08-17,2020-11-29
2590,92,2020-12-06,Reloj,Rauw Alejandro & Anuel AA,USSD12000471,7.85714285714286,31750071.0,88,2020-10-22,2020-11-29
2591,93,2020-12-06,–õ–∞–ª–∏–ø–∞–ø,–ì–ê–ù–í–ï–°–¢,FR26V2064602,8.85714285714286,32083650.0,68,2020-11-26,2020-11-29
2608,9,2020-12-13,HOLIDAY,lil nas x,USSM12006375,,31951346.0,37,2020-11-13,2020-12-06
2609,10,2020-12-13,Body,Megan Thee Stallion,QMCE32000683,,32021398.0,44,2020-11-20,2020-12-06
2610,11,2020-12-13,Hecha Pa' Mi,Boza,USSD12000196,,30539377.0,42,2020-07-31,2020-12-06
2612,13,2020-12-13,Talk N Bout (Talm Bout) [feat. Lil Jay],Loui,USLD91723597,,28260938.0,39,2020-01-03,2020-12-06
2621,22,2020-12-13,BEB√â,Camilo,USSD12000562,,32076413.0,53,2020-11-25,2020-12-06
2622,23,2020-12-13,Trappea - Remix,Locura Mix,ART0G2002051,,31502587.0,49,2020-08-31,2020-12-06
2624,25,2020-12-13,Melek,Reynmen,DGA052044950,,32182498.0,50,2020-12-06,2020-12-06
2626,27,2020-12-13,‡∏Å‡πâ‡∏°‡∏ï‡πà‡∏≥,Mindset,THMOB2010165,,32007638.0,53,2020-11-17,2020-12-06
2628,29,2020-12-13,WITHOUT YOU,The Kid LAROI,USSM12006586,,31894832.0,53,2020-11-06,2020-12-06
2630,31,2020-12-13,How Bizarre,OMC,NZPY09500002,,13711345.0,45,2006-01-01,2020-12-06
2631,32,2020-12-13,–ú–∞–π–Ω–∫—Ä–∞—Ñ—Ç,FixPlay,QMFME2055950,,32160512.0,34,2020-11-25,2020-12-06
2632,33,2020-12-13,Space Girl,Frances Forever,QZFZ72019335,,29194827.0,50,2020-03-27,2020-12-06
2640,42,2020-12-13,All I Want for Christmas is YOU,plottwist,USSM11408817,,15794742.0,39,2016-10-14,2020-12-06
2641,43,2020-12-13,The Lazy Song,Bruno Mars,USAT21001886,,15084978.0,208,2011-10-18,2020-12-06
2657,59,2020-12-13,They Call Me Tiago (Her Name Is Margo),Tiagz,QZFZ52038008,,28667532.0,37,2020-02-27,2020-12-06
2668,70,2020-12-13,The Months of the Year,The Kiboomers,USA560941888,,14974561.0,14,2009-05-01,2020-12-06
2676,78,2020-12-13,Omg,White Gangster,ITH641602850,,13290226.0,91,2017-04-03,2020-12-06
2680,82,2020-12-13,Painho Empurra (feat. Raphaela Almeida),MC Abalo,QZEQU2051815,,31766779.0,16,2020-07-24,2020-12-06
2681,83,2020-12-13,Opp Stoppa,ybnnahmir,USAT22007608,,32077635.0,26,2020-11-25,2020-12-06
2682,84,2020-12-13,–ü—è—Ç–Ω–æ,Rozalia,FR26V2014734,,31890757.0,42,2020-11-06,2020-12-06
2683,85,2020-12-13,"Nathy Peluso: Bzrp Music Sessions, Vol. 36",bzrp,UYB282001011,,32088210.0,35,2020-11-27,2020-12-06
2684,86,2020-12-13,Memories (feat. Kid Cudi),David Guetta,FRZID0900480,,12334116.0,53,2010-06-25,2020-12-06
2685,87,2020-12-13,Jerusalema (feat. Nomcebo Zikode) [Edit],Master KG,ZA82Y1900130,,27551491.0,124,2019-11-29,2020-12-06
2692,94,2020-12-13,Life Goes On,BTS,QMBZ92051791,,32019786.0,53,2020-11-20,2020-12-06
2693,95,2020-12-13,we should be lovers instead,favsoundds ,GBX2M1300001,,13113316.0,54,2013-06-14,2020-12-06
2695,97,2020-12-13,Kopi  Dangdut,Jebung & Asyraf Jamall,GBSMU8864500,,32441397.0,35,2020-10-13,2020-12-06
2698,100,2020-12-13,Love Not War (The Tampa Beat),Jason Derulo & Nuka,GBARL2001440,,32012337.0,53,2020-11-20,2020-12-06
2706,7,2020-12-20,Cute Jehi Look,Umair Awan,TCAFF2004558,,32102392.0,45,2020-11-07,2020-12-13
2707,8,2020-12-20,Figurinha - Ao Vivo,Douglas e Vin√≠cius,BRWNV2000076,,29766682.0,39,2020-06-12,2020-12-13
2711,12,2020-12-20,OOOWWWEEE,Peewee Longway & Money Man,USUYG1275615,,25409725.0,42,2019-09-27,2020-12-13
2726,27,2020-12-20,MERRY LiTMAS,Mahogany *LOX* üîí,QZNWT2016130,14.1428571428571,32127675.0,34,2020-11-20,2020-12-13
2732,33,2020-12-20,‡∏ä‡πà‡∏ß‡∏¢‡πÑ‡∏°‡πà‡πÑ‡∏î‡πâ,UrboyTJ,FRS182046230,,31865098.0,45,2020-11-03,2020-12-13
2733,34,2020-12-20,pota pota by HERA,hera,FRZ041800793,,20438195.0,45,2018-08-24,2020-12-13
2736,37,2020-12-20,Cry Baby (feat. DaBaby),Megan Thee Stallion,QMCE32000678,10.8571428571429,32021354.0,47,2020-11-20,2020-12-13
2742,43,2020-12-20,Copines,We.Wibu,FRZ041800793,,20438195.0,43,2018-08-24,2020-12-13
2760,61,2020-12-20,Look At Me!,XXXTENTACION,USUYG1131080,39.5714285714286,15969949.0,204,2017-02-20,2020-12-13
2761,62,2020-12-20,Jocelyn Flores,XXXTENTACION,USUYG1156892,,15972110.0,198,2017-08-25,2020-12-13
2774,75,2020-12-20,FRIENDS,marshmello,GBAHS1800025,,18403814.0,13,2018-02-09,2020-12-13
2775,76,2020-12-20,We own the night,Pup Enenra,USWD11995700,,28478183.0,12,2020-02-14,2020-12-13
2787,88,2020-12-20,One Whole Day (feat. Wiz Khalifa),Dixie D'Amelio,ZZOPM2003863,3.28571428571429,32149747.0,50,2020-12-04,2020-12-13
2789,90,2020-12-20,Plastic,Unghetto Mathieu,USSM12003492,122.428571428571,29594536.0,96,2020-05-29,2020-12-13
2792,93,2020-12-20,Glow Up,IZŒõ,USQX91800798,4.85714285714286,19169039.0,33,2018-05-03,2020-12-13
2793,94,2020-12-20,Presentinho - Ao Vivo,nandesguga,BRUM71904467,45.2857142857143,31083349.0,95,2020-08-21,2020-12-13
2797,98,2020-12-20,Havana,Camilla Cabello,USSM11706905,,15799746.0,163,2017-08-03,2020-12-13
2805,6,2020-12-27,Jedag Jedug,Dony     ??,FRZ041800793,,20438195.0,40,2018-08-24,2020-12-20
2818,19,2020-12-27,Ampun Bang Jago,Tian Storm & Ever Slkr,IDA632000700,,31809521.0,38,2020-09-12,2020-12-20
2820,21,2020-12-27,Snowman,Sia,USAT21704212,16.0,17652389.0,90,2018-11-01,2020-12-20
2832,33,2020-12-27,Pennies From Heaven,Louis Prima,USCA29501047,13.8571428571429,15176560.0,42,2003-01-01,2020-12-20
2837,38,2020-12-27,Me Too,Kevin Gates,USAT21811065,9.71428571428571,20586757.0,57,2018-09-20,2020-12-20
2838,39,2020-12-27,Apaga la Luz (feat. Ovy On The Drums),Kimberly Loaiza ‚ú®,CA5KR2120229,,32328406.0,38,2020-12-18,2020-12-20
2840,41,2020-12-27,Golpe Trocado,Mc Frog,QZNJX2035483,18.8571428571429,32294178.0,42,2020-11-27,2020-12-20
2843,44,2020-12-27,Pipipi Calon Mantu (Remix),DJ Opus,FRX872053520,15.8571428571429,31742974.0,42,2020-09-22,2020-12-20
2844,45,2020-12-27,Champions (in Brawl Stars),Brawl Bro,DEE862002506,18.5714285714286,31601921.0,42,2020-10-09,2020-12-20
2881,82,2020-12-27,"You're a Mean One, Mr. Grinch","Tyler, The Creator",USQ4E1804014,,21853154.0,22,2018-10-24,2020-12-20
2884,85,2020-12-27,–ê–£–§ (Trend),Mia Boyka ,DGA052043291,35.1428571428571,32204440.0,45,2020-12-07,2020-12-20
2889,90,2020-12-27,"Backpack, Backpack!",Dora The Explorer,USA820400149,2.57142857142857,15021293.0,44,2004-09-28,2020-12-20
2894,95,2020-12-27,Blood // Water,grandson,TCADI1720999,10.0,17459643.0,140,2017-10-27,2020-12-20
2896,97,2020-12-27,Fernando Alonso,El Jhota & camin,QMFME2030363,1.0,32086254.0,45,2020-11-27,2020-12-20
2897,98,2020-12-27,Oh My God,Edy Lemond & DJ Guuga & DJ Lucas Beat,USL4R2023377,15.1428571428571,31755857.0,42,2014-02-04,2020-12-20
2916,17,2021-01-03,LSD,Tisakorean,QM24S1922802,14.8571428571429,25238830.0,39,2019-07-31,2020-12-27
2927,28,2021-01-03,Happy New Year,ABBA,SEAYD8001060,92.1428571428571,14038436.0,50,2015-12-11,2020-12-27
2930,31,2021-01-03,Goodbye ,EuGeneüî•,USSM11914456,180.571428571429,27539678.0,34,2018-08-31,2020-12-27
2934,35,2021-01-03,Happiest Year,jaymesyng,USAT21903715,73.8571428571429,24416223.0,79,2019-07-12,2020-12-27
2937,38,2021-01-03,Bad boy,Marwa Loud,FR7IX1800130,23.2857142857143,18723926.0,42,2018-03-09,2020-12-27
2970,71,2021-01-03,Promises (Skrillex & Nero Remix), Skrillex / Nero,GBUM71105544,,13068256.0,201,2012-12-24,2020-12-27
2986,87,2021-01-03,Cabar√©,N√™go Jh√°¬©,QZMZ92059272,10.4285714285714,31488707.0,42,2020-09-07,2020-12-27
2988,89,2021-01-03,F2020,Avenue Beat,USLXJ2044040,,30060994.0,76,2020-07-10,2020-12-27
2989,90,2021-01-03,Home,Edith Whiskers,GBVHN2000009,9.14285714285714,31674758.0,53,2020-10-16,2020-12-27
2990,91,2021-01-03,Time of Our Lives,Pitbull,USRC11402647,149.0,15676785.0,44,2014-11-21,2020-12-27
2993,94,2021-01-03,Judas,Lady Gaga,USUM71104998,20.2857142857143,15920030.0,49,2011-01-01,2020-12-27
2995,96,2021-01-03,Kamaal Karte Ho,Afsana Khan,DGA052003899,8.85714285714286,32172553.0,38,2020-12-03,2020-12-27
3002,3,2021-01-10,Do Dat (Tik Tok Resume),Semme,QZHNA2090657,17.4285714285714,31931701.0,38,2020-07-08,2021-01-03
3004,5,2021-01-10,COPINES,Nicole Flores,FRZ041800793,,20438195.0,25,2018-08-24,2021-01-03
3010,11,2021-01-10,Buss It,Erica Banks,USUYG1312999,76.0,29555553.0,32,2020-05-15,2021-01-03
3011,12,2021-01-10,Cristal & –ú–û–Å–¢,Morgenshtern,DGA062038289,,32427262.0,23,2020-12-28,2021-01-03
3014,15,2021-01-10,Mds,Kaw√™ Santos,QZHZ32082915,,29519133.0,24,2020-05-19,2021-01-03
3015,16,2021-01-10,–≠–π—è,–ö–∞–Ω–≥–∏,QMFME2084797,,32319870.0,23,2020-12-18,2021-01-03
3024,25,2021-01-10,COPINES SLOWED FULL VERSION,R O S E,FRZ041800793,,20438195.0,24,2018-08-24,2021-01-03
3027,28,2021-01-10,Mtg - Vem sentando vem,Dj nbeat,QZNWR2089783,,32120916.0,14,2020-11-09,2021-01-03
3031,32,2021-01-10,Paparazzi,Kim Dracula,QZNWY2036332,15.4285714285714,32313666.0,39,2020-12-11,2021-01-03
3032,33,2021-01-10,Click Clack Bum,Kant & NOG & Spinardi,QZNJW2002860,,31825480.0,23,2020-10-30,2021-01-03
3037,38,2021-01-10,TIID TIIW,Milli & Maiyarap & LAZYLOXY & AUTTA & Ben Bizzy & NAMEMT & Blacksheep,DGA052078640,10.1428571428571,32225239.0,39,2020-12-10,2021-01-03
3042,43,2021-01-10,Machayenge,Raja bankerüëë,QZ85M2038055,,28873983.0,67,2020-03-19,2021-01-03
3063,64,2021-01-10,Biarlah  Semua Berlalu,willyanggawinata,FR10S2148007,,32663429.0,20,2020-11-27,2021-01-03
3064,65,2021-01-10,Gal Karke,Inderchahal,FR2X41934873,,22841919.0,47,2019-04-15,2021-01-03
3077,78,2021-01-10,Way Back Home,SHAUN,KRF221800012,,20105880.0,16,2018-06-27,2021-01-03
3091,92,2021-01-10,Una Loca en el Tubo,Dj Alitas,QZNJX2024859,,32496555.0,13,2020-11-24,2021-01-03
3092,93,2021-01-10,I'm Legit,Nicki Minaj,USCM51200745,23.0,15193950.0,35,2012-11-19,2021-01-03
3116,17,2021-01-17,Bamboleo,Gipsy Kings,USN018884501,,15566572.0,18,2017-03-15,2021-01-10
3130,31,2021-01-17,Xerecard,Jeff Costa & Mc Danny,QZEQU2076765,17.0,32120896.0,23,2020-10-18,2021-01-10
3131,32,2021-01-17,–í–µ–Ω–µ—Ä–∞-–Æ–ø–∏—Ç–µ—Ä,–í–∞–Ω—è –î–º–∏—Ç—Ä–∏–µ–Ω–∫–æ,RUACR2000286,25.2857142857143,32465113.0,23,2021-01-01,2021-01-10
3133,34,2021-01-17,L-Gante Rkt,Papu DJ & L-Gante,USLZJ2043719,9.71428571428571,31604648.0,38,2020-10-06,2021-01-10
3136,37,2021-01-17,Mhm Mhm,Cdot Honcho,QZMHM2098517,40.8571428571429,31626196.0,23,2020-10-09,2021-01-10
3142,43,2021-01-17,Can We Kiss Forever?,kinabeats,QMPKX1823521,,20497349.0,109,2018-08-31,2021-01-10
3151,52,2021-01-17,Nature's Beauty,Romero Lubambo,US4A70600575,,21680992.0,7,2006-01-01,2021-01-10
3172,73,2021-01-17,Faded,Alan Walker,NOG841549010,,13681243.0,304,2015-12-04,2021-01-10
3179,80,2021-01-17,Scooby Doo Pa Pa,IAmKass,TCADG1759991,6.0,16503674.0,34,2017-09-12,2021-01-10
3182,83,2021-01-17,Vazge√ßtim ƒ∞nan,iremderici,TR0012000441,128.285714285714,32450849.0,19,2021-01-01,2021-01-10
3183,84,2021-01-17,Funk da Netflix,Netflix Brasil,QZ8BZ1900519,25.8571428571429,24886077.0,77,2019-08-16,2021-01-10
3184,85,2021-01-17,oops!,Yung Gravy üçØ,USUM72019052,3.14285714285714,31524146.0,45,2020-10-02,2021-01-10
3188,89,2021-01-17,Kya Yehi Pyar Hai - Remix,Jay Sean,GBTYR0800041,3.57142857142857,27434924.0,56,2008-05-01,2021-01-10
3193,94,2021-01-17,Nega Chegando,O Boy da Seresta & Menor Nico,QZEQU2077564,2.0,32161212.0,23,2020-11-01,2021-01-10
3195,96,2021-01-17,Strawberry,Prod by Rose,QZHN51967090,17.1428571428571,32113112.0,53,2019-09-20,2021-01-10
3197,98,2021-01-17,Astronaut In The Ocean,Masked Wolf,AUFXV1900105,3.85714285714286,23902934.0,72,2019-06-07,2021-01-10
3210,11,2021-01-24,drivers license,Olivia Rodrigo,USUG12004749,,32507149.0,11,2021-01-08,2021-01-17
3217,18,2021-01-24,Ropa Cara,Camilo,USSD12000609,,32594947.0,9,2021-01-18,2021-01-17
3220,21,2021-01-24,Best Ever,Polo Frost,QM33K1600047,18.7142857142857,13770151.0,16,2016-11-18,2021-01-17
3230,31,2021-01-24,Rumors,Jake Miller,USWB11507655,,16028999.0,7,2015-07-08,2021-01-17
3234,35,2021-01-24,‡∏â‡∏±‡∏ô‡∏≠‡πâ‡∏ß‡∏ô,TimeTime,FR26V2026648,9.42857142857143,32001188.0,53,2020-11-09,2021-01-17
3235,36,2021-01-24,"Rasputin (7"" Version)",Boney M.,DEC730800009,24.2857142857143,11461430.0,44,2008-05-12,2021-01-17
3269,70,2021-01-24,original sound,üòáLarryüòá,ART0G2004825,,32528776.0,8,2021-01-08,2021-01-17
3294,95,2021-01-24,I Am (feat. Flo Milli),Yung Baby Tate,QZ5FA2050544,2.42857142857143,32149829.0,23,2020-12-04,2021-01-17
3295,96,2021-01-24,Mungkin Hari Ini Esok Atau Nanti,Anneth,FRX872024128,1.57142857142857,31733715.0,53,2020-10-20,2021-01-17
3296,97,2021-01-24,≈ûeytan diyor ki (Slow Version),Cansever,USCGJ2085352,5.57142857142857,28937236.0,21,2020-03-17,2021-01-17
3299,100,2021-01-24,Casal Bem Louco,MC Marks,BRRGE1810075,1.57142857142857,20499461.0,36,2018-08-31,2021-01-17
